gene	start	end	length	strand	gc_content	genetic_code	rbs_motif	marker	evalue	bitscore	uscg	plasmid_hallmark	virus_hallmark	taxid	taxname	annotation_conjscan	annotation_amr	annotation_accessions	annotation_description
JAYIWO010000020.1_1	61	1239	1179	1	0.550	11	GGA/GAG/AGG	GENOMAD.171872.PC	1.616e-18	91	0	0	0	1	NA	NA	NA	PF22588	Histidine kinase sensor domain
JAYIWO010000020.1_2	1445	1921	477	-1	0.656	11	None	GENOMAD.161412.CP	4.316e-63	213	0	0	0	1	NA	NA	NA	PF14539;TIGR02447;COG2050;K02614	thioesterase domain, putative
JAYIWO010000020.1_3	2146	2664	519	1	0.653	11	AGGA	NA	NA	NA	0	0	0	1	NA	NA	NA	NA	NA
JAYIWO010000020.1_4	2670	3596	927	-1	0.676	11	GGA/GAG/AGG	GENOMAD.146654.PC	2.173e-08	58	0	0	0	1	NA	NA	NA	PF03466;PF00126;TIGR02424;COG0583;K11921	pca operon transcription factor PcaQ
JAYIWO010000020.1_5	4021	5091	1071	1	0.665	11	AGGAG	NA	NA	NA	0	0	0	1	NA	NA	NA	NA	NA
JAYIWO010000020.1_6	5109	5654	546	1	0.692	11	AGGAG	GENOMAD.207447.PC	8.832e-31	121	0	0	0	1	NA	NA	NA	PF20409;K06893;COG4308;TIGR02096	SnoaL-like domain
JAYIWO010000020.1_7	5651	6040	390	1	0.638	11	None	GENOMAD.197162.PC	2.349e-31	120	0	0	0	1	NA	NA	NA	PF11512	Agrobacterium tumefaciens protein Atu4866
JAYIWO010000020.1_8	6209	7111	903	1	0.642	11	GGAG/GAGG	NA	NA	NA	0	0	0	1	NA	NA	NA	NA	NA
JAYIWO010000020.1_9	7160	7564	405	-1	0.674	11	AGGAG	GENOMAD.150994.CP	0.0001175	43	0	0	0	1	NA	NA	NA	PF01042;TIGR03610;COG0251;K09021	pyrimidine utilization protein C
JAYIWO010000020.1_10	7700	8626	927	1	0.670	11	AGGA	GENOMAD.190451.PC	4.496e-08	57	0	0	0	1	NA	NA	NA	K21698;TIGR02424;COG0583	pca operon transcription factor PcaQ
JAYIWO010000020.1_11	8811	10652	1842	-1	0.698	11	None	GENOMAD.145507.CP	1.487e-47	185	0	0	0	1	NA	NA	NA	PF17033;COG4073;K14054;TIGR02994	Carboxypeptidase controlling helical cell shape catalytic
JAYIWO010000020.1_12	10967	11707	741	1	0.687	11	None	NA	NA	NA	0	0	0	1	NA	NA	NA	NA	NA
JAYIWO010000020.1_13	11704	13140	1437	1	0.670	11	AGGA	GENOMAD.157881.CP	5.095e-50	189	0	0	0	1	NA	NA	NA	PF12040;PF12679;TIGR03518;COG4200	ABC-2 family transporter protein
JAYIWO010000020.1_14	13140	14408	1269	1	0.678	11	GGAG/GAGG	GENOMAD.170120.CP	6.419e-45	172	0	0	0	1	NA	NA	NA	PF12040;PF12679;TIGR03518;COG1277	ABC-2 family transporter protein
JAYIWO010000020.1_15	14502	16640	2139	1	0.670	11	AGGAG	GENOMAD.148417.CP	1.012e-45	181	0	0	0	1246	Caudoviricetes	NA	NA	PF14905;PF07715;K16090;TIGR01783;COG4774	TonB-dependent siderophore receptor
JAYIWO010000020.1_16	16944	17657	714	-1	0.699	11	None	GENOMAD.214524.PC	2.189e-19	90	0	0	0	1	NA	NA	NA	PF11445	NA
JAYIWO010000020.1_17	17654	18304	651	-1	0.680	11	GGAG/GAGG	NA	NA	NA	0	0	0	1	NA	NA	NA	NA	NA
JAYIWO010000020.1_18	18301	20958	2658	-1	0.687	11	None	GENOMAD.207668.CP	2.16e-165	545	0	0	0	1	NA	NA	NA	NA	NA
JAYIWO010000020.1_19	20969	21703	735	-1	0.701	11	None	GENOMAD.214525.PC	4.993e-58	203	0	0	0	1	NA	NA	NA	PF11828	NA
JAYIWO010000020.1_20	22231	24444	2214	1	0.707	11	AGGAG	NA	NA	NA	0	0	0	1	NA	NA	NA	NA	NA
JAYIWO010000020.1_21	25042	25254	213	1	0.629	11	GGAG/GAGG	NA	NA	NA	0	0	0	1	NA	NA	NA	NA	NA
JAYIWO010000020.1_22	25531	25794	264	1	0.644	11	AGGAG	NA	NA	NA	0	0	0	1	NA	NA	NA	NA	NA
JAYIWO010000020.1_23	26303	26530	228	-1	0.684	11	GGAG/GAGG	NA	NA	NA	0	0	0	1	NA	NA	NA	NA	NA
JAYIWO010000020.1_24	26540	26968	429	-1	0.634	11	None	GENOMAD.194767.VC	6.604e-05	44	0	0	0	1	NA	NA	NA	PF03692;COG0727;K18475	Putative zinc- or iron-chelating domain
JAYIWO010000020.1_25	27294	27461	168	1	0.625	11	AGGAG	GENOMAD.209732.PC	7.027e-05	40	0	0	0	1	NA	NA	NA	NA	NA
JAYIWO010000020.1_26	27712	28875	1164	-1	0.645	11	GGAG/GAGG	NA	NA	NA	0	0	0	1	NA	NA	NA	NA	NA
JAYIWO010000020.1_27	29117	29752	636	1	0.678	11	AGGAG	GENOMAD.212919.PC	1.328e-84	278	0	0	0	1	NA	NA	NA	PF13628;K08995;COG3544	Uncharacterized conserved protein, DUF305 family
JAYIWO010000020.1_28	29800	29979	180	1	0.600	11	GGA/GAG/AGG	GENOMAD.171588.PC	7.479e-06	43	0	0	0	1	NA	NA	NA	PF12244	NA
JAYIWO010000020.1_29	30757	32541	1785	-1	0.667	11	GGA/GAG/AGG	NA	NA	NA	0	0	0	1	NA	NA	NA	NA	NA
JAYIWO010000020.1_30	32538	33689	1152	-1	0.676	11	AGGA	NA	NA	NA	0	0	0	1	NA	NA	NA	NA	NA
JAYIWO010000020.1_31	33783	34979	1197	-1	0.639	11	AGGAG	GENOMAD.067680.VV	1.554e-17	88	0	0	0	1246	Caudoviricetes	NA	NA	PF06100;TIGR00031;K20678;COG0562	UDP-galactopyranose mutase
JAYIWO010000020.1_32	34967	36151	1185	-1	0.657	11	GGAG/GAGG	NA	NA	NA	0	0	0	1	NA	NA	NA	NA	NA
JAYIWO010000020.1_33	36187	37338	1152	-1	0.680	11	GGA/GAG/AGG	GENOMAD.070016.VV	1.849e-21	100	0	0	0	1246	Caudoviricetes	NA	NA	NA	NA
JAYIWO010000020.1_34	37717	38583	867	-1	0.624	11	AGGAG	NA	NA	NA	0	0	0	1	NA	NA	NA	NA	NA
JAYIWO010000020.1_35	38794	39435	642	1	0.611	11	AGGAG	GENOMAD.195028.PC	1.452e-84	278	0	0	0	1	NA	NA	NA	PF20554	NA
JAYIWO010000020.1_36	39537	39722	186	1	0.613	11	GGAG/GAGG	NA	NA	NA	0	0	0	1	NA	NA	NA	NA	NA
JAYIWO010000020.1_37	39807	40826	1020	-1	0.652	11	AGGAG	NA	NA	NA	0	0	0	1	NA	NA	NA	NA	NA
JAYIWO010000020.1_38	40817	42232	1416	-1	0.654	11	None	NA	NA	NA	0	0	0	1	NA	NA	NA	NA	NA
JAYIWO010000020.1_39	42499	42795	297	-1	0.684	11	GGAG/GAGG	NA	NA	NA	0	0	0	1	NA	NA	NA	NA	NA
JAYIWO010000020.1_40	43323	44606	1284	1	0.674	11	GGA/GAG/AGG	NA	NA	NA	0	0	0	1	NA	NA	NA	NA	NA
JAYIWO010000020.1_41	44603	44833	231	1	0.667	11	AGGA	NA	NA	NA	0	0	0	1	NA	NA	NA	NA	NA
JAYIWO010000020.1_42	44827	45210	384	-1	0.656	11	GGAG/GAGG	NA	NA	NA	0	0	0	1	NA	NA	NA	NA	NA
JAYIWO010000020.1_43	45412	48945	3534	1	0.658	11	None	GENOMAD.111713.CP	2.297e-28	127	0	0	0	1	NA	NA	NA	PF01739;PF20225;PF03705;K00575;COG1352;TIGR04345	Methylase of chemotaxis methyl-accepting proteins
JAYIWO010000020.1_44	49744	50316	573	1	0.668	11	GGAG/GAGG	NA	NA	NA	0	0	0	1	NA	NA	NA	NA	NA
JAYIWO010000020.1_45	50441	50773	333	-1	0.697	11	AGGAG	NA	NA	NA	0	0	0	1	NA	NA	NA	NA	NA
JAYIWO010000020.1_46	50855	51754	900	-1	0.632	11	GGAG/GAGG	NA	NA	NA	0	0	0	1	NA	NA	NA	NA	NA
JAYIWO010000020.1_47	51892	52398	507	-1	0.596	11	AGGAG	NA	NA	NA	0	0	0	1	NA	NA	NA	NA	NA
JAYIWO010000020.1_48	52439	52954	516	-1	0.601	11	GGA/GAG/AGG	NA	NA	NA	0	0	0	1	NA	NA	NA	NA	NA
JAYIWO010000020.1_49	53092	53643	552	-1	0.647	11	GGAG/GAGG	NA	NA	NA	0	0	0	1	NA	NA	NA	NA	NA
JAYIWO010000020.1_50	53924	54115	192	1	0.635	11	GGA/GAG/AGG	NA	NA	NA	0	0	0	1	NA	NA	NA	NA	NA
JAYIWO010000020.1_51	54253	55470	1218	-1	0.687	11	GGA/GAG/AGG	NA	NA	NA	0	0	0	1	NA	NA	NA	NA	NA
JAYIWO010000020.1_52	55662	56972	1311	1	0.668	11	GGA/GAG/AGG	NA	NA	NA	0	0	0	1	NA	NA	NA	NA	NA
JAYIWO010000020.1_53	56969	57745	777	1	0.694	11	GGA/GAG/AGG	NA	NA	NA	0	0	0	1	NA	NA	NA	NA	NA
JAYIWO010000020.1_54	57796	58164	369	1	0.707	11	AGGA	NA	NA	NA	0	0	0	1	NA	NA	NA	NA	NA
JAYIWO010000020.1_55	58354	59949	1596	1	0.678	11	GGA/GAG/AGG	NA	NA	NA	0	0	0	1	NA	NA	NA	NA	NA
JAYIWO010000020.1_56	60125	60724	600	-1	0.632	11	AGGAG	NA	NA	NA	0	0	0	1	NA	NA	NA	NA	NA
JAYIWO010000020.1_57	61042	61980	939	1	0.708	11	None	GENOMAD.194137.CP	2.611e-26	113	0	0	0	1	NA	NA	NA	PF09995;COG3662	Uncharacterized conserved protein, DUF2236 family
JAYIWO010000020.1_58	62734	64839	2106	-1	0.657	11	GGA/GAG/AGG	GENOMAD.053052.VV	2.468e-19	96	0	0	0	1	NA	NA	NA	PF01431;K07386;COG3590	Predicted metalloendopeptidase
JAYIWO010000020.1_59	64951	65646	696	-1	0.674	11	GGA/GAG/AGG	NA	NA	NA	0	0	0	1	NA	NA	NA	NA	NA
JAYIWO010000020.1_60	65751	66746	996	-1	0.676	11	AGGA/GGAG/GAGG	NA	NA	NA	0	0	0	1	NA	NA	NA	NA	NA
JAYIWO010000020.1_61	67279	67848	570	-1	0.663	11	AGGAG	GENOMAD.136393.CP	3.845e-06	49	0	0	0	1	NA	NA	NA	PF03358;K03809;COG0655;TIGR01755	Multimeric flavodoxin WrbA
JAYIWO010000020.1_62	67902	68837	936	-1	0.702	11	None	GENOMAD.190451.PC	2.508e-09	61	0	0	0	1	NA	NA	NA	K21698;TIGR02424;COG0583	pca operon transcription factor PcaQ
JAYIWO010000020.1_63	68959	69777	819	1	0.703	11	GGAG/GAGG	GENOMAD.153335.CP	3.175e-08	57	0	0	0	1	NA	NA	NA	PF02900;K00455;TIGR02298;COG3384	3,4-dihydroxyphenylacetate 2,3-dioxygenase
JAYIWO010000020.1_64	70019	71263	1245	1	0.639	11	None	GENOMAD.154219.PC	7.344e-127	411	0	1	0	1	NA	NA	NA	PF06412;TIGR03916;COG4277	putative DNA modification/repair radical SAM protein
JAYIWO010000020.1_65	71828	73246	1419	1	0.677	11	GGA/GAG/AGG	GENOMAD.195628.PC	4.256e-41	162	0	0	0	1	NA	NA	NA	PF13566;TIGR03915;K14162	probable DNA metabolism protein
JAYIWO010000020.1_66	73603	74160	558	-1	0.649	11	AGGA	GENOMAD.136862.CP	5.725e-17	81	0	0	0	1	NA	NA	NA	PF02469;COG2335;K19897	Uncaracterized surface protein containing fasciclin (FAS1) repeats
JAYIWO010000020.1_67	74241	74693	453	-1	0.660	11	GGAG/GAGG	GENOMAD.171660.CP	1.789e-17	81	0	0	0	1	NA	NA	NA	PF02426;COG3795;K09780;TIGR03221	Uncharacterized conserved protein YciI, contains a putative active-site phosphohistidine
JAYIWO010000020.1_68	74854	76491	1638	1	0.676	11	None	NA	NA	NA	0	0	0	1	NA	NA	NA	NA	NA
JAYIWO010000020.1_69	76896	77840	945	1	0.646	11	None	NA	NA	NA	0	0	0	1	NA	NA	NA	NA	NA
JAYIWO010000020.1_70	77837	78598	762	1	0.621	11	GGAGG	GENOMAD.129876.CP	3.172e-37	143	0	0	0	1	NA	NA	NA	K09694;COG3694	ABC-type uncharacterized transport system, permease component
JAYIWO010000020.1_71	79250	79531	282	-1	0.617	11	None	NA	NA	NA	0	0	0	1	NA	NA	NA	NA	NA
JAYIWO010000020.1_72	79683	80237	555	1	0.650	11	GGA/GAG/AGG	NA	NA	NA	0	0	0	1	NA	NA	NA	NA	NA
JAYIWO010000023.1_1	61	6570	6510	1	0.652	11	AGGAG	GENOMAD.168432.CP	3.181e-19	98	0	0	0	1	NA	NA	NA	COG5368	NA
JAYIWO010000023.1_2	6567	6851	285	1	0.611	11	AGGAG	NA	NA	NA	0	0	0	1	NA	NA	NA	NA	NA
JAYIWO010000023.1_3	7685	8071	387	-1	0.592	11	GGA/GAG/AGG	GENOMAD.223687.VP	9.436e-06	46	0	0	1	2773	Inoviridae	NA	NA	PF12472	Phage related protein
JAYIWO010000023.1_4	8361	8633	273	1	0.608	11	GGA/GAG/AGG	GENOMAD.096365.VV	2.694e-28	109	0	0	0	2773	Inoviridae	NA	NA	NA	NA
JAYIWO010000023.1_5	8630	8812	183	1	0.628	11	None	GENOMAD.185254.VV	7.651e-27	103	0	0	0	1	NA	NA	NA	NA	NA
JAYIWO010000023.1_6	8805	9911	1107	1	0.593	11	GGAG/GAGG	GENOMAD.222250.VP	3.858e-09	61	0	0	0	2773	Inoviridae	MOBT	NA	PF02486;COG2946	DNA relaxase NicK
JAYIWO010000023.1_7	9908	10204	297	1	0.589	11	AGxAGG/AGGxGG	GENOMAD.117825.VV	2.778e-47	164	0	0	1	2773	Inoviridae	NA	NA	PF02303	Helix-destabilising protein
JAYIWO010000023.1_8	10214	10459	246	1	0.634	11	3Base/5BMM	GENOMAD.148914.VV	8.291e-21	87	0	0	1	1	NA	NA	NA	PF17091	Inovirus G7P protein
JAYIWO010000023.1_9	10487	10615	129	1	0.581	11	AGGAG	GENOMAD.112093.VV	2.595e-14	66	0	0	0	1	NA	NA	NA	NA	NA
JAYIWO010000023.1_10	11214	11501	288	1	0.663	11	None	GENOMAD.227990.VV	9.754e-18	79	0	0	0	1	NA	NA	NA	NA	NA
JAYIWO010000023.1_11	11453	11734	282	1	0.571	11	GGAG/GAGG	GENOMAD.097192.VV	1.524e-12	64	0	0	0	2773	Inoviridae	NA	NA	NA	NA
JAYIWO010000023.1_12	11745	12065	321	1	0.548	11	GGAG/GAGG	GENOMAD.214060.VP	2.027e-46	162	0	0	0	2773	Inoviridae	NA	NA	NA	NA
JAYIWO010000023.1_13	12067	13389	1323	1	0.611	11	GGA/GAG/AGG	NA	NA	NA	0	0	0	1	NA	NA	NA	NA	NA
JAYIWO010000023.1_14	13409	13717	309	-1	0.579	11	AGGAG	GENOMAD.160041.VV	1.232e-57	194	0	0	0	1	NA	NA	NA	NA	NA
JAYIWO010000023.1_15	14577	14939	363	-1	0.545	11	AGGAG	NA	NA	NA	0	0	0	1	NA	NA	NA	NA	NA
JAYIWO010000023.1_16	15067	16860	1794	-1	0.692	11	None	NA	NA	NA	0	0	0	1	NA	NA	NA	NA	NA
JAYIWO010000023.1_17	16874	17509	636	-1	0.662	11	AGGA/GGAG/GAGG	NA	NA	NA	0	0	0	1	NA	NA	NA	NA	NA
JAYIWO010000023.1_18	17566	17922	357	1	0.647	11	GGAG/GAGG	GENOMAD.123541.CP	2.379e-26	105	0	0	0	1	NA	NA	NA	PF01329;COG2154;K01724	Pterin-4a-carbinolamine dehydratase
JAYIWO010000023.1_19	17919	18341	423	1	0.702	11	AGGA	GENOMAD.141401.CP	7.81e-14	70	0	0	0	1	NA	NA	NA	PF03544;TIGR01352	TonB family C-terminal domain
JAYIWO010000023.1_20	18469	19287	819	1	0.642	11	AGGA/GGAG/GAGG	NA	NA	NA	0	0	0	1	NA	NA	NA	NA	NA
JAYIWO010000023.1_21	19674	20657	984	-1	0.672	11	GGA/GAG/AGG	NA	NA	NA	0	0	0	1	NA	NA	NA	NA	NA
JAYIWO010000023.1_22	21060	24635	3576	1	0.677	11	GGAG/GAGG	GENOMAD.090513.CP	5.495e-22	106	0	0	0	1	NA	NA	NA	PF20833	RNase E/G, Thioredoxin-like domain
JAYIWO010000023.1_23	25213	25860	648	-1	0.623	11	GGAG/GAGG	NA	NA	NA	0	0	0	1	NA	NA	NA	NA	NA
JAYIWO010000023.1_24	26076	26837	762	-1	0.635	11	None	GENOMAD.112742.CP	2.964e-23	102	0	0	0	1	NA	NA	NA	PF17773;COG1054	UPF0176 acylphosphatase like domain
JAYIWO010000023.1_25	26871	27293	423	-1	0.638	11	GGAG/GAGG	GENOMAD.018062.CC	6.63e-16	76	0	0	0	1	NA	NA	NA	PF19661	Putative prokaryotic signal transducing protein
JAYIWO010000023.1_26	27297	27728	432	1	0.674	11	GGA/GAG/AGG	GENOMAD.101229.CV	1.08e-10	61	0	0	0	1	NA	NA	NA	PF18023;K09577;COG1047	BDBT FKBP like N-terminal
JAYIWO010000023.1_27	27740	28993	1254	1	0.671	11	GGA/GAG/AGG	NA	NA	NA	0	0	0	1	NA	NA	NA	NA	NA
JAYIWO010000023.1_28	28977	30269	1293	-1	0.664	11	AGGA	NA	NA	NA	0	0	0	1	NA	NA	NA	NA	NA
JAYIWO010000023.1_29	30508	31920	1413	-1	0.641	11	None	NA	NA	NA	0	0	0	1	NA	NA	NA	NA	NA
JAYIWO010000023.1_30	32641	33006	366	1	0.612	11	None	NA	NA	NA	0	0	0	1	NA	NA	NA	NA	NA
JAYIWO010000023.1_31	33144	34067	924	-1	0.636	11	GGAG/GAGG	NA	NA	NA	0	0	0	1	NA	NA	NA	NA	NA
JAYIWO010000023.1_32	34067	36187	2121	-1	0.670	11	GGAGG	NA	NA	NA	0	0	0	1	NA	NA	NA	NA	NA
JAYIWO010000023.1_33	37269	38249	981	-1	0.622	11	AGGAG	NA	NA	NA	0	0	0	1	NA	NA	NA	NA	NA
JAYIWO010000023.1_34	38454	40268	1815	-1	0.591	11	GGAG/GAGG	GENOMAD.004811.VV	0.0007281	45	0	0	0	1246	Caudoviricetes	NA	NA	PF13086;TIGR01073;K03657;COG0210	ATP-dependent DNA helicase PcrA
JAYIWO010000023.1_35	40255	42042	1788	-1	0.551	11	GGA/GAG/AGG	NA	NA	NA	0	0	0	1	NA	NA	NA	NA	NA
JAYIWO010000023.1_36	42263	42862	600	1	0.675	11	AGGA	GENOMAD.117065.PC	2.577e-35	135	0	1	0	1	NA	G_tfc2	NA	PF10671;TIGR03748	conjugative transfer region protein, TIGR03748 family
JAYIWO010000023.1_37	42859	43509	651	1	0.697	11	GGAG/GAGG	GENOMAD.136595.PP	7.283e-111	354	0	0	0	1	NA	NA	NA	NA	NA
JAYIWO010000023.1_38	43524	44246	723	1	0.671	11	GGAG/GAGG	GENOMAD.162576.PC	4.036e-112	359	0	1	0	1	NA	G_tfc3	NA	PF13905;TIGR03759	integrating conjugative element protein, PFL_4693 family
JAYIWO010000023.1_39	44228	44833	606	1	0.718	11	GGAG/GAGG	GENOMAD.146032.PC	2.276e-99	320	0	1	0	1	NA	T_virB1	NA	PF06871;K03194;COG4764	TraH_2
JAYIWO010000023.1_40	44830	45378	549	1	0.699	11	AGGAG	GENOMAD.171542.PC	1.214e-71	239	0	1	0	1	NA	G_tfc5	NA	PF11072;TIGR03765	integrating conjugative element protein, PFL_4695 family
JAYIWO010000023.1_41	45383	47572	2190	1	0.623	11	GGA/GAG/AGG	GENOMAD.121686.PC	3.122e-217	689	0	1	0	1	NA	t4cp1	NA	PF10412;K12071;TIGR03754;COG3505	conjugative coupling factor TraD, TOL family
JAYIWO010000023.1_42	47569	48318	750	1	0.613	11	GGAG/GAGG	GENOMAD.118512.PC	3.113e-66	227	0	1	0	1	NA	G_tfc7	NA	PF14348;TIGR03747	integrating conjugative element membrane protein, PFL_4697 family
JAYIWO010000023.1_43	48369	50993	2625	-1	0.605	11	GGAGG	GENOMAD.205541.PC	0.0	1170	0	0	0	1	NA	NA	NA	PF13514;TIGR02680;COG3096;K03632	TIGR02680 family protein
JAYIWO010000023.1_44	51095	52147	1053	-1	0.590	11	GGA/GAG/AGG	NA	NA	NA	0	0	0	1	NA	NA	NA	NA	NA
JAYIWO010000023.1_45	52148	52849	702	-1	0.615	11	AGGA	GENOMAD.129527.PC	8.852e-35	135	0	0	0	1	NA	NA	NA	PF08808;COG5654	Uncharacterized conserved protein, contains RES domain
JAYIWO010000023.1_46	52842	53516	675	-1	0.597	11	GGA/GAG/AGG	GENOMAD.116266.PP	1.692e-122	388	0	0	0	1	NA	NA	NA	PF18367;COG5642;TIGR02293	Rv2175c C-terminal domain of unknown function
JAYIWO010000023.1_47	53622	54524	903	1	0.586	11	GGAG/GAGG	NA	NA	NA	0	0	0	1	NA	NA	NA	NA	NA
JAYIWO010000023.1_48	54669	55049	381	1	0.675	11	AGGA	GENOMAD.124508.PP	3.57e-17	79	0	1	0	1	NA	G_tfc8	NA	PF09686;TIGR01690	integrative conjugative element protein, RAQPRD family
JAYIWO010000023.1_49	55046	55279	234	1	0.632	11	GGAGG	GENOMAD.102015.PP	1.877e-11	60	0	1	0	1	NA	G_tfc9	NA	PF11660;TIGR03758	integrating conjugative element protein, PFL_4701 family
JAYIWO010000023.1_50	55296	55655	360	1	0.625	11	AGGA	GENOMAD.159871.PC	6.745e-24	98	0	1	0	1	NA	G_tfc10	NA	PF11190;TIGR03745	integrating conjugative element membrane protein, PFL_4702 family
JAYIWO010000023.1_51	55666	56076	411	1	0.681	11	GGA/GAG/AGG	GENOMAD.168734.PC	2.008e-44	158	0	1	0	1	NA	G_tfc11	NA	PF11990;TIGR03750;K12068	conjugative transfer region protein, TIGR03750 family
JAYIWO010000023.1_52	56073	56762	690	1	0.661	11	GGA/GAG/AGG	GENOMAD.170251.PC	5.429e-112	358	0	1	0	1	NA	G_tfc12	NA	PF11444;TIGR03746;K12067;COG3736	integrating conjugative element protein, PFL_4703 family
JAYIWO010000023.1_53	56759	57685	927	1	0.684	11	AGGAG	GENOMAD.170193.PC	4.371e-81	273	0	1	0	1	NA	G_tfc13	NA	PF11920;K12066	TraK protein
JAYIWO010000023.1_54	57675	59105	1431	1	0.646	11	AGGAG	GENOMAD.168536.PC	1.082e-199	625	0	0	0	1	NA	G_tfc14	NA	COG3074	NA
JAYIWO010000023.1_55	59086	59529	444	1	0.678	11	AGGAG	GENOMAD.166288.PC	4.374e-41	149	0	1	0	1	NA	G_tfc15	NA	PF04202;TIGR03751;COG3017;K07337	conjugative transfer region lipoprotein, TIGR03751 family
JAYIWO010000023.1_56	59529	62393	2865	1	0.644	11	GGAGG	GENOMAD.142319.PC	0.0	1053	0	1	0	1	NA	virb4	NA	PF19044;PF11130;PF19357;TIGR03744;K12063;COG3451	conjugative transfer ATPase, PFL_4706 family
JAYIWO010000023.1_57	62409	63173	765	1	0.667	11	GGAG/GAGG	NA	NA	NA	0	0	0	1	NA	NA	NA	NA	NA
JAYIWO010000023.1_58	63358	63852	495	1	0.590	11	GGAGG	NA	NA	NA	0	0	0	1	NA	NA	NA	NA	NA
JAYIWO010000023.1_59	64070	64459	390	1	0.656	11	GGA/GAG/AGG	GENOMAD.160308.PC	9.345e-25	101	0	1	0	1	NA	G_tfc24	NA	PF07511;TIGR03757	integrating conjugative element protein, PFL_4709 family
JAYIWO010000023.1_60	64456	65421	966	1	0.646	11	GGAGG	GENOMAD.160936.PC	1.967e-186	578	0	1	0	1	NA	G_tfc23	NA	PF06834;TIGR03756	integrating conjugative element protein, PFL_4710 family
JAYIWO010000023.1_61	65432	66826	1395	1	0.661	11	GGAG/GAGG	GENOMAD.160674.PC	3.108e-244	753	0	0	0	1	NA	G_tfc22	NA	NA	NA
JAYIWO010000023.1_62	66823	67170	348	1	0.670	11	GGAG/GAGG	GENOMAD.151773.PP	3.792e-44	156	0	0	0	1	NA	G_tfc18	NA	NA	NA
JAYIWO010000023.1_63	67186	68706	1521	1	0.622	11	GGAG/GAGG	GENOMAD.153938.PC	4.956e-242	749	0	0	0	1	NA	G_tfc19	NA	NA	NA
JAYIWO010000023.1_64	68718	69083	366	-1	0.620	11	AGGAG	GENOMAD.077997.PP	7.419e-32	121	0	0	0	1	NA	NA	NA	PF12553	NA
JAYIWO010000023.1_65	69169	69801	633	-1	0.626	11	GGAG/GAGG	GENOMAD.194148.PC	0.0002281	44	0	0	0	1	NA	NA	NA	PF08808;COG5654	RES domain
JAYIWO010000023.1_66	69814	70440	627	-1	0.619	11	GGAG/GAGG	GENOMAD.118640.PP	2.057e-112	358	0	0	0	1	NA	NA	NA	PF18367	NA
JAYIWO010000023.1_67	70755	71804	1050	1	0.634	11	AGGA	GENOMAD.123137.PC	1.837e-102	337	0	1	0	1	NA	MOBH	NA	PF07514;PF07515;TIGR03760;K12070;COG3294	Putative helicase; Putative conjugal transfer nickase/helicase TraI C-term
JAYIWO010000046.1_1	73	165	93	-1	0.527	11	GGA/GAG/AGG	NA	NA	NA	0	0	0	1	NA	NA	NA	NA	NA
JAYIWO010000046.1_2	881	3646	2766	1	0.568	11	GGAG/GAGG	GENOMAD.058049.PP	2.065e-157	523	0	0	0	1	NA	NA	NA	PF05819;K18376	NolX protein
JAYIWO010000046.1_3	3776	4642	867	1	0.640	11	None	NA	NA	NA	0	0	0	1	NA	NA	NA	NA	NA
JAYIWO010000046.1_4	5012	6097	1086	-1	0.632	11	AGGA	NA	NA	NA	0	0	0	1	NA	NA	NA	NA	NA
JAYIWO010000046.1_5	6273	6755	483	-1	0.565	11	None	GENOMAD.088856.PP	1.755e-65	220	0	0	0	1	NA	NA	NA	PF07824;K18380;TIGR02513	Type III secretion chaperone domain
JAYIWO010000046.1_6	6811	7083	273	-1	0.505	11	AGGAG	NA	NA	NA	0	0	0	1	NA	NA	NA	NA	NA
JAYIWO010000046.1_7	7169	7411	243	-1	0.601	11	GGA/GAG/AGG	NA	NA	NA	0	0	0	1	NA	NA	NA	NA	NA
JAYIWO010000046.1_8	7422	8369	948	-1	0.646	11	AGGAG	NA	NA	NA	0	0	0	1	NA	NA	NA	NA	NA
JAYIWO010000046.1_9	8366	9181	816	-1	0.683	11	AGxAGG/AGGxGG	NA	NA	NA	0	0	0	1	NA	NA	NA	NA	NA
JAYIWO010000046.1_10	9178	9438	261	-1	0.625	11	3Base/5BMM	NA	NA	NA	0	0	0	1	NA	NA	NA	NA	NA
JAYIWO010000046.1_11	9443	10087	645	-1	0.598	11	GGAG/GAGG	NA	NA	NA	0	0	0	1	NA	NA	NA	NA	NA
JAYIWO010000046.1_12	10074	11081	1008	-1	0.679	11	GGAG/GAGG	GENOMAD.197924.PC	2.848e-189	587	0	0	0	1	NA	NA	NA	PF06622;K03225;TIGR02480	SepQ protein
JAYIWO010000046.1_13	11121	11756	636	-1	0.654	11	GGA/GAG/AGG	NA	NA	NA	0	0	0	1	NA	NA	NA	NA	NA
JAYIWO010000046.1_14	11756	13678	1923	-1	0.633	11	AGGAG	NA	NA	NA	0	0	0	1	NA	NA	NA	NA	NA
JAYIWO010000046.1_15	13687	14760	1074	-1	0.626	11	GGAG/GAGG	NA	NA	NA	0	0	0	1	NA	NA	NA	NA	NA
JAYIWO010000046.1_16	14973	15428	456	1	0.649	11	GGAG/GAGG	GENOMAD.216464.PC	9.578e-43	154	0	0	0	1	NA	NA	NA	PF09613;K18373;TIGR02561	type III secretion protein HrpB1/HrpK
JAYIWO010000046.1_17	15460	15852	393	1	0.601	11	GGA/GAG/AGG	NA	NA	NA	0	0	0	1	NA	NA	NA	NA	NA
JAYIWO010000046.1_18	15854	16618	765	1	0.642	11	None	GENOMAD.167309.PC	1.589e-36	141	0	0	0	1	NA	NA	NA	PF01514;K03222;COG4669;TIGR02544	Type III secretory pathway, lipoprotein EscJ
JAYIWO010000046.1_19	16628	17257	630	1	0.689	11	GGAG/GAGG	NA	NA	NA	0	0	0	1	NA	NA	NA	NA	NA
JAYIWO010000046.1_20	17242	17943	702	1	0.711	11	GGAG/GAGG	NA	NA	NA	0	0	0	1	NA	NA	NA	NA	NA
JAYIWO010000046.1_21	17933	19261	1329	1	0.667	11	AGxAGG/AGGxGG	NA	NA	NA	0	0	0	1	NA	NA	NA	NA	NA
JAYIWO010000046.1_22	19254	19763	510	1	0.698	11	None	NA	NA	NA	0	0	0	1	NA	NA	NA	NA	NA
JAYIWO010000046.1_23	19760	20590	831	1	0.629	11	GGAG/GAGG	GENOMAD.153548.CP	5.465e-18	87	0	0	0	1	NA	NA	NA	PF01311;COG1684;TIGR01401;K22509	Flagellar biosynthesis protein FliR
JAYIWO010000046.1_24	20767	22584	1818	1	0.651	11	GGAG/GAGG	GENOMAD.181251.PC	3.645e-19	95	0	0	0	1	NA	NA	NA	PF00263;PF03958;K22504;TIGR02516;COG1450	type III secretion outer membrane pore, YscC/HrcC family
JAYIWO010000046.1_25	22663	23028	366	-1	0.587	11	GGA/GAG/AGG	NA	NA	NA	0	0	0	1	NA	NA	NA	NA	NA
JAYIWO010000046.1_26	23406	23978	573	1	0.600	11	GGA/GAG/AGG	GENOMAD.111553.PC	1.67e-13	71	0	0	0	1	NA	NA	NA	PF19489;K18377;COG4764	Transglycosylase SLT domain
JAYIWO010000046.1_27	24056	24217	162	-1	0.667	11	None	NA	NA	NA	0	0	0	1	NA	NA	NA	NA	NA
JAYIWO010000046.1_28	24214	24747	534	-1	0.639	11	GGA/GAG/AGG	NA	NA	NA	0	0	0	1	NA	NA	NA	NA	NA
JAYIWO010000046.1_29	24802	25347	546	1	0.634	11	None	NA	NA	NA	0	0	0	1	NA	NA	NA	NA	NA
JAYIWO010000046.1_30	25256	26686	1431	-1	0.602	11	GGA/GAG/AGG	NA	NA	NA	0	0	0	1	NA	NA	NA	NA	NA
JAYIWO010000046.1_31	27011	27211	201	-1	0.672	11	GGA/GAG/AGG	NA	NA	NA	0	0	0	1	NA	NA	NA	NA	NA
JAYIWO010000046.1_32	27522	28439	918	-1	0.493	11	AGGA	NA	NA	NA	0	0	0	1	NA	NA	NA	NA	NA
JAYIWO010000046.1_33	29078	31222	2145	1	0.574	11	AGGA	GENOMAD.062130.PP	1.075e-233	736	0	0	0	1	NA	NA	NA	NA	NA
JAYIWO010000046.1_34	31363	32343	981	1	0.621	11	AGGAG	NA	NA	NA	0	0	0	1	NA	NA	NA	NA	NA
JAYIWO010000046.1_35	32434	33285	852	-1	0.643	11	GGAG/GAGG	NA	NA	NA	0	0	0	1	NA	NA	NA	NA	NA
JAYIWO010000046.1_36	33798	34742	945	1	0.640	11	GGA/GAG/AGG	GENOMAD.121860.CP	3.513e-12	70	0	0	0	1	NA	NA	NA	PF00933;K01207;COG1472	Periplasmic beta-glucosidase and related glycosidases
JAYIWO010000046.1_37	35012	36940	1929	1	0.656	11	GGA/GAG/AGG	GENOMAD.171982.CP	5.557e-13	75	0	0	0	1	NA	NA	NA	PF07738	NA
JAYIWO010000046.1_38	37107	37448	342	1	0.614	11	None	NA	NA	NA	0	0	0	1	NA	NA	NA	NA	NA
JAYIWO010000046.1_39	37755	38300	546	-1	0.546	11	None	NA	NA	NA	0	0	0	1	NA	NA	NA	NA	NA
JAYIWO010000059.1_1	3	146	144	-1	0.646	11	GGAGG	NA	NA	NA	0	0	0	1	NA	NA	NA	NA	NA
JAYIWO010000059.1_2	522	1775	1254	-1	0.722	11	GGAG/GAGG	NA	NA	NA	0	0	0	1	NA	NA	NA	NA	NA
JAYIWO010000059.1_3	1765	4437	2673	-1	0.664	11	None	GENOMAD.158496.CP	1.253e-24	114	0	0	0	1	NA	NA	NA	PF14905;PF07715;TIGR01782;K16091;COG4774	TonB-dependent receptor
JAYIWO010000059.1_4	4545	5693	1149	1	0.727	11	None	NA	NA	NA	0	0	0	1	NA	NA	NA	NA	NA
JAYIWO010000059.1_5	5681	6271	591	-1	0.695	11	None	NA	NA	NA	0	0	0	1	NA	NA	NA	NA	NA
JAYIWO010000059.1_6	6506	7390	885	-1	0.676	11	GGAG/GAGG	GENOMAD.119298.CP	5.481e-144	454	0	0	0	1	NA	NA	NA	PF13145;K03769;TIGR04142;COG0760	putative peptidyl-prolyl cis-trans isomerase, LIC12922 family
JAYIWO010000059.1_7	7478	8575	1098	-1	0.617	11	GGA/GAG/AGG	NA	NA	NA	0	0	0	1	NA	NA	NA	NA	NA
JAYIWO010000059.1_8	9192	10919	1728	-1	0.646	11	GGAGG	GENOMAD.119360.CP	2.332e-258	800	0	0	0	1	NA	NA	NA	COG4147	Na+(or H+)/acetate symporter ActP
JAYIWO010000059.1_9	10916	11233	318	-1	0.610	11	GGAG/GAGG	GENOMAD.181410.CP	4.125e-15	72	0	0	0	1	NA	NA	NA	PF04341;COG3162	Uncharacterized membrane protein, DUF485 family
JAYIWO010000059.1_10	11307	12689	1383	-1	0.649	11	GGAGG	GENOMAD.178249.CP	6.576e-88	300	0	0	0	1	NA	NA	NA	COG3203;K16077	Outer membrane protein (porin)
JAYIWO010000059.1_11	12953	14896	1944	1	0.662	11	GGAG/GAGG	NA	NA	NA	0	0	0	1	NA	NA	NA	NA	NA
JAYIWO010000059.1_12	15127	15795	669	1	0.650	11	None	NA	NA	NA	0	0	0	1	NA	NA	NA	NA	NA
JAYIWO010000059.1_13	16111	17019	909	-1	0.638	11	GGA/GAG/AGG	NA	NA	NA	0	0	0	1	NA	NA	NA	NA	NA
JAYIWO010000059.1_14	17399	17989	591	1	0.665	11	AGGAG	NA	NA	NA	0	0	0	1	NA	NA	NA	NA	NA
JAYIWO010000059.1_15	17994	18197	204	1	0.608	11	AGGAG	NA	NA	NA	0	0	0	1	NA	NA	NA	NA	NA
JAYIWO010000059.1_16	18460	18705	246	-1	0.630	11	None	NA	NA	NA	0	0	0	1	NA	NA	NA	NA	NA
JAYIWO010000059.1_17	18657	20093	1437	-1	0.674	11	GGA/GAG/AGG	NA	NA	NA	0	0	0	1	NA	NA	NA	NA	NA
JAYIWO010000059.1_18	20364	21371	1008	1	0.714	11	GGxGG	NA	NA	NA	0	0	0	1	NA	NA	NA	NA	NA
JAYIWO010000059.1_19	21368	22240	873	1	0.691	11	None	GENOMAD.162496.CP	3.367e-18	88	0	0	0	1	NA	NA	NA	PF04909;K07046;COG3618;TIGR00010	Predicted metal-dependent hydrolase, TIM-barrel fold
JAYIWO010000059.1_20	22237	23007	771	1	0.680	11	GGA/GAG/AGG	NA	NA	NA	0	0	0	1	NA	NA	NA	NA	NA
JAYIWO010000059.1_21	23176	24033	858	1	0.663	11	AGGA	NA	NA	NA	0	0	0	1	NA	NA	NA	NA	NA
JAYIWO010000059.1_22	24664	25989	1326	1	0.675	11	AGGA	NA	NA	NA	0	0	0	1	NA	NA	NA	NA	NA
JAYIWO010000059.1_23	26039	26746	708	-1	0.596	11	None	NA	NA	NA	0	0	0	1	NA	NA	NA	NA	NA
JAYIWO010000061.1_1	2	97	96	-1	0.573	11	None	NA	NA	NA	0	0	0	1	NA	NA	NA	NA	NA
JAYIWO010000061.1_2	638	937	300	1	0.687	11	GGA/GAG/AGG	NA	NA	NA	0	0	0	1	NA	NA	NA	NA	NA
JAYIWO010000061.1_3	927	1199	273	1	0.663	11	GGA/GAG/AGG	GENOMAD.213833.PC	1.741e-17	78	0	0	0	1	NA	NA	NA	NA	NA
JAYIWO010000061.1_4	1196	2731	1536	1	0.663	11	GGAGG	GENOMAD.170158.CP	3.471e-37	151	0	0	0	1	NA	NA	NA	PF03929;COG3182	PepSY-associated TM region
JAYIWO010000061.1_5	2865	3368	504	1	0.659	11	None	GENOMAD.106711.CP	2.522e-30	119	0	0	0	1	NA	NA	NA	PF12850;K07095;TIGR00040;COG0622	phosphoesterase, MJ0936 family
JAYIWO010000061.1_6	3497	4645	1149	1	0.672	11	GGAG/GAGG	NA	NA	NA	0	0	0	1	NA	NA	NA	NA	NA
JAYIWO010000061.1_7	4848	5801	954	-1	0.683	11	None	NA	NA	NA	0	0	0	1	NA	NA	NA	NA	NA
JAYIWO010000061.1_8	5824	7446	1623	-1	0.693	11	AGGA	GENOMAD.178810.CP	2.299e-28	124	0	0	0	1	NA	NA	NA	PF19465;PF00135;K01753;TIGR02035;COG3048	D-serine ammonia-lyase
JAYIWO010000061.1_9	7443	8498	1056	-1	0.709	11	GGAGG	NA	NA	NA	0	0	0	1	NA	NA	NA	NA	NA
JAYIWO010000061.1_10	8639	9460	822	1	0.664	11	GGAG/GAGG	GENOMAD.148341.PC	4.06e-11	66	0	0	0	1	NA	NA	NA	PF01557;TIGR03218;K02554;COG3971	4-oxalocrotonate decarboxylase
JAYIWO010000061.1_11	9497	10495	999	1	0.662	11	GGAGG	NA	NA	NA	0	0	0	1	NA	NA	NA	NA	NA
JAYIWO010000061.1_12	10506	11027	522	1	0.653	11	GGAG/GAGG	GENOMAD.140917.CP	2.356e-24	102	0	0	0	1	NA	NA	NA	PF04290;COG4665;K21394	TRAP-type mannitol/chloroaromatic compound transport system, small permease component
JAYIWO010000061.1_13	11027	12310	1284	1	0.653	11	GGAGG	NA	NA	NA	0	0	0	1	NA	NA	NA	NA	NA
JAYIWO010000061.1_14	12409	13989	1581	1	0.679	11	AGGAG	GENOMAD.151274.CP	0.0002992	46	0	0	0	1246	Caudoviricetes	NA	NA	K15921;COG3940	Beta-xylosidase, GH43 family
JAYIWO010000061.1_15	14130	15188	1059	1	0.692	11	None	NA	NA	NA	0	0	0	1	NA	NA	NA	NA	NA
JAYIWO010000061.1_16	15882	16736	855	1	0.651	11	GGAG/GAGG	GENOMAD.170246.CP	4.444e-59	208	0	0	0	1	NA	NA	NA	NA	NA
JAYIWO010000061.1_17	16812	17567	756	1	0.673	11	GGAG/GAGG	NA	NA	NA	0	0	0	1	NA	NA	NA	NA	NA
JAYIWO010000061.1_18	17726	18388	663	1	0.652	11	GGAG/GAGG	NA	NA	NA	0	0	0	1	NA	NA	NA	NA	NA
JAYIWO010000061.1_19	18650	19795	1146	1	0.662	11	AGGA	GENOMAD.161503.CP	0.0007636	44	0	0	0	1	NA	NA	NA	PF05523;K07155;TIGR04366;COG3837	cupin fold metalloprotein, WbuC family
JAYIWO010000061.1_20	20061	20705	645	-1	0.682	11	None	NA	NA	NA	0	0	0	1	NA	NA	NA	NA	NA
JAYIWO010000061.1_21	21117	22007	891	-1	0.661	11	GGA/GAG/AGG	NA	NA	NA	0	0	0	1	NA	NA	NA	NA	NA
JAYIWO010000061.1_22	22135	22617	483	1	0.685	11	None	GENOMAD.140723.CP	1.716e-22	96	0	0	0	1	NA	NA	NA	PF17805;PF02295;K05800;COG1522;TIGR02702	DNA-binding transcriptional regulator, Lrp family
JAYIWO010000061.1_23	22879	25095	2217	1	0.655	11	GGA/GAG/AGG	GENOMAD.136702.CP	5.788e-129	432	0	0	0	1	NA	NA	NA	K16088;COG4773	Outer membrane receptor for ferric coprogen and ferric-rhodotorulic acid
JAYIWO010000065.1_1	1	735	735	-1	0.642	11	4Base/6BMM	GENOMAD.103404.PP	2.411e-37	143	0	0	0	1	NA	NA	NA	PF03377;PF02536	TAL effector repeat; mTERF
JAYIWO010000065.1_2	1933	2040	108	-1	0.583	11	GGA/GAG/AGG	NA	NA	NA	0	0	0	1	NA	NA	NA	NA	NA
JAYIWO010000065.1_3	2052	2447	396	-1	0.621	11	GGA/GAG/AGG	GENOMAD.159602.PC	7.259e-11	61	0	0	0	1	NA	NA	NA	PF01850;COG5611;K07064;TIGR00028	Predicted nucleic-acid-binding protein, contains PIN domain
JAYIWO010000065.1_4	2444	2695	252	-1	0.619	11	GGAG/GAGG	GENOMAD.170424.PC	1.561e-30	115	0	0	0	1	NA	NA	NA	PF15937;K19156;COG2002;TIGR01439	prlF antitoxin for toxin YhaV_toxin
JAYIWO010000065.1_5	2877	3443	567	1	0.668	11	GGA/GAG/AGG	NA	NA	NA	0	0	0	1	NA	NA	NA	NA	NA
JAYIWO010000065.1_6	3608	4258	651	1	0.622	11	GGA/GAG/AGG	NA	NA	NA	0	0	0	1	NA	NA	NA	NA	NA
JAYIWO010000065.1_7	4398	4892	495	1	0.549	11	AGGA	NA	NA	NA	0	0	0	1	NA	NA	NA	NA	NA
JAYIWO010000065.1_8	4889	5512	624	-1	0.540	11	AGGA	NA	NA	NA	0	0	0	1	NA	NA	NA	NA	NA
JAYIWO010000065.1_9	5975	6676	702	-1	0.597	11	AGGA	NA	NA	NA	0	0	0	1	NA	NA	NA	NA	NA
JAYIWO010000065.1_10	7086	8045	960	-1	0.620	11	GGAG/GAGG	GENOMAD.047390.PP	6.61e-25	109	0	0	0	1	NA	NA	NA	NA	NA
JAYIWO010000065.1_11	8409	9011	603	1	0.612	11	AGxAGG/AGGxGG	NA	NA	NA	0	0	0	1	NA	NA	NA	NA	NA
JAYIWO010000065.1_12	9199	9294	96	-1	0.406	11	GGAG/GAGG	NA	NA	NA	0	0	0	1	NA	NA	NA	NA	NA
JAYIWO010000065.1_13	9439	11688	2250	1	0.645	11	GGA/GAG/AGG	GENOMAD.146534.CP	0.0004755	46	0	0	0	1	NA	NA	NA	PF00015	Methyl-accepting chemotaxis protein (MCP) signalling domain
JAYIWO010000065.1_14	11685	11960	276	-1	0.551	11	None	NA	NA	NA	0	0	0	1	NA	NA	NA	NA	NA
JAYIWO010000065.1_15	12284	13339	1056	-1	0.676	11	GGAG/GAGG	NA	NA	NA	0	0	0	1	NA	NA	NA	NA	NA
JAYIWO010000065.1_16	13524	14138	615	1	0.660	11	GGAG/GAGG	NA	NA	NA	0	0	0	1	NA	NA	NA	NA	NA
JAYIWO010000065.1_17	14675	16555	1881	1	0.614	11	GGAG/GAGG	NA	NA	NA	0	0	0	1	NA	NA	NA	NA	NA
JAYIWO010000065.1_18	16943	17245	303	-1	0.601	11	GGA/GAG/AGG	NA	NA	NA	0	0	0	1	NA	NA	NA	NA	NA
JAYIWO010000065.1_19	17304	17681	378	-1	0.601	11	AGGAG	NA	NA	NA	0	0	0	1	NA	NA	NA	NA	NA
JAYIWO010000065.1_20	17684	17929	246	-1	0.557	11	AGGA	NA	NA	NA	0	0	0	1	NA	NA	NA	NA	NA
JAYIWO010000065.1_21	18002	18820	819	1	0.576	11	None	NA	NA	NA	0	0	0	1	NA	NA	NA	NA	NA
JAYIWO010000065.1_22	18771	19064	294	1	0.476	11	AGGAG	GENOMAD.023159.PP	3.263e-14	69	0	0	0	1	NA	NA	NA	NA	NA
JAYIWO010000065.1_23	19061	19351	291	1	0.529	11	AGGA/GGAG/GAGG	GENOMAD.021931.PP	2.276e-17	78	0	1	0	1	NA	NA	NA	PF04956;K03197	TrbC/VIRB2 pilin
JAYIWO010000065.1_24	19375	19692	318	1	0.522	11	GGAG/GAGG	GENOMAD.068208.PP	1.168e-51	177	0	1	0	1	NA	T_virB3	NA	PF05101;COG3702;K03198	Type IV secretory pathway, VirB3 components
JAYIWO010000065.1_25	19693	19890	198	1	0.581	11	GGAG/GAGG	NA	NA	NA	0	0	0	1	NA	NA	NA	NA	NA
JAYIWO010000069.1_1	44	631	588	1	0.599	11	GGA/GAG/AGG	NA	NA	NA	0	0	0	1	NA	NA	NA	NA	NA
JAYIWO010000069.1_2	752	1774	1023	-1	0.494	11	GGAG/GAGG	NA	NA	NA	0	0	0	1	NA	NA	NA	NA	NA
JAYIWO010000069.1_3	1752	2258	507	-1	0.493	11	GGA/GAG/AGG	NA	NA	NA	0	0	0	1	NA	NA	NA	NA	NA
JAYIWO010000069.1_4	2721	2936	216	-1	0.625	11	GGA/GAG/AGG	NA	NA	NA	0	0	0	1	NA	NA	NA	NA	NA
JAYIWO010000069.1_5	2936	3610	675	-1	0.581	11	None	NA	NA	NA	0	0	0	1	NA	NA	NA	NA	NA
JAYIWO010000069.1_6	3685	4359	675	1	0.597	11	GGAG/GAGG	NA	NA	NA	0	0	0	1	NA	NA	NA	NA	NA
JAYIWO010000069.1_7	4359	5168	810	1	0.598	11	None	GENOMAD.166789.PC	2.099e-51	185	0	0	0	1	NA	NA	NA	PF13672;COG0631	Protein phosphatase 2C
JAYIWO010000069.1_8	5169	7103	1935	1	0.593	11	GGAG/GAGG	NA	NA	NA	0	0	0	1	NA	NA	NA	NA	NA
JAYIWO010000069.1_9	7129	8262	1134	-1	0.600	11	AGxAGG/AGGxGG	NA	NA	NA	0	0	0	1	NA	NA	NA	NA	NA
JAYIWO010000069.1_10	8353	8646	294	-1	0.585	11	GGAG/GAGG	NA	NA	NA	0	0	0	1	NA	NA	NA	NA	NA
JAYIWO010000069.1_11	8851	9711	861	1	0.620	11	AGGAG	NA	NA	NA	0	0	0	1	NA	NA	NA	NA	NA
JAYIWO010000069.1_12	9711	10100	390	1	0.590	11	GGAG/GAGG	NA	NA	NA	0	0	0	1	NA	NA	NA	NA	NA
JAYIWO010000069.1_13	10171	10671	501	1	0.631	11	GGAG/GAGG	NA	NA	NA	0	0	0	1	NA	NA	NA	NA	NA
JAYIWO010000069.1_14	10757	11992	1236	-1	0.598	11	GGA/GAG/AGG	NA	NA	NA	0	0	0	1	NA	NA	NA	NA	NA
JAYIWO010000069.1_15	11989	12321	333	-1	0.592	11	3Base/5BMM	NA	NA	NA	0	0	0	1	NA	NA	NA	NA	NA
JAYIWO010000069.1_16	12477	12647	171	1	0.509	11	GGA/GAG/AGG	NA	NA	NA	0	0	0	1	NA	NA	NA	NA	NA
JAYIWO010000069.1_17	13111	14502	1392	-1	0.591	11	GGA/GAG/AGG	NA	NA	NA	0	0	0	1	NA	NA	NA	NA	NA
JAYIWO010000069.1_18	14702	14995	294	1	0.568	11	GGA/GAG/AGG	NA	NA	NA	0	0	0	1	NA	NA	NA	NA	NA
JAYIWO010000070.1_1	63	257	195	-1	0.431	11	None	NA	NA	NA	0	0	0	1	NA	NA	NA	NA	NA
JAYIWO010000070.1_2	362	886	525	-1	0.480	11	GGAG/GAGG	NA	NA	NA	0	0	0	1	NA	NA	NA	NA	NA
JAYIWO010000070.1_3	930	1604	675	-1	0.477	11	GGAG/GAGG	NA	NA	NA	0	0	0	1	NA	NA	NA	NA	NA
JAYIWO010000070.1_4	1635	2405	771	-1	0.495	11	GGAG/GAGG	NA	NA	NA	0	0	0	1	NA	NA	NA	NA	NA
JAYIWO010000070.1_5	2605	3099	495	-1	0.485	11	GGAG/GAGG	NA	NA	NA	0	0	0	1	NA	NA	NA	NA	NA
JAYIWO010000070.1_6	3129	3941	813	-1	0.530	11	GGAG/GAGG	NA	NA	NA	0	0	0	1	NA	NA	NA	NA	NA
JAYIWO010000070.1_7	4044	6260	2217	-1	0.560	11	None	NA	NA	NA	0	0	0	1	NA	NA	NA	NA	NA
JAYIWO010000070.1_8	6257	7555	1299	-1	0.564	11	None	GENOMAD.137385.CP	4.41e-24	109	0	0	0	1	NA	NA	NA	PF00529;K13408;TIGR01843;COG1566	type I secretion membrane fusion protein, HlyD family
JAYIWO010000070.1_9	7791	11411	3621	-1	0.605	11	GGAG/GAGG	NA	NA	NA	0	0	0	1	NA	NA	NA	NA	NA
JAYIWO010000070.1_10	11441	12079	639	-1	0.520	11	GGAG/GAGG	GENOMAD.216390.PC	1.187e-05	48	0	0	0	1	NA	NA	NA	PF15570	Immunity protein 43
JAYIWO010000070.1_11	12120	12791	672	-1	0.558	11	AGxAG	NA	NA	NA	0	0	0	1	NA	NA	NA	NA	NA
JAYIWO010000070.1_12	12803	14491	1689	-1	0.574	11	GGA/GAG/AGG	NA	NA	NA	0	0	0	1	NA	NA	NA	NA	NA
JAYIWO010000074.1_1	296	823	528	1	0.610	11	GGA/GAG/AGG	GENOMAD.215476.PV	1.155e-85	279	0	0	0	1	NA	NA	NA	NA	NA
JAYIWO010000074.1_2	1048	1326	279	1	0.577	11	GGA/GAG/AGG	NA	NA	NA	0	0	0	1	NA	NA	NA	NA	NA
JAYIWO010000074.1_3	1189	1677	489	-1	0.536	11	None	NA	NA	NA	0	0	0	1	NA	NA	NA	NA	NA
JAYIWO010000074.1_4	1791	1979	189	1	0.540	11	GGAG/GAGG	NA	NA	NA	0	0	0	1	NA	NA	NA	NA	NA
JAYIWO010000074.1_5	1918	2214	297	-1	0.556	11	GGAG/GAGG	NA	NA	NA	0	0	0	1	NA	NA	NA	NA	NA
JAYIWO010000074.1_6	2408	2887	480	1	0.640	11	GGAG/GAGG	NA	NA	NA	0	0	0	1	NA	NA	NA	NA	NA
JAYIWO010000074.1_7	2948	3967	1020	-1	0.574	11	None	NA	NA	NA	0	0	0	1	NA	NA	NA	NA	NA
JAYIWO010000074.1_8	4017	4874	858	1	0.596	11	None	NA	NA	NA	0	0	0	1	NA	NA	NA	NA	NA
JAYIWO010000074.1_9	4867	6276	1410	1	0.601	11	GGAG/GAGG	NA	NA	NA	0	0	0	1	NA	NA	NA	NA	NA
JAYIWO010000074.1_10	6357	7664	1308	1	0.563	11	AGxAGG/AGGxGG	NA	NA	NA	0	0	0	1	NA	NA	NA	NA	NA
JAYIWO010000074.1_11	7661	9430	1770	1	0.589	11	AGGAGG	NA	NA	NA	0	0	0	1	NA	NA	NA	NA	NA
JAYIWO010000074.1_12	9506	10195	690	-1	0.543	11	None	NA	NA	NA	0	0	0	1	NA	NA	NA	NA	NA
JAYIWO010000075.1_1	121	489	369	1	0.485	11	AGGA	GENOMAD.194423.PC	2.074e-21	91	0	0	0	1	NA	NA	NA	PF15891;COG3613;TIGR03646	Nucleoside 2-deoxyribosyltransferase like
JAYIWO010000075.1_2	486	1475	990	1	0.582	11	GGA/GAG/AGG	NA	NA	NA	0	0	0	1	NA	NA	NA	NA	NA
JAYIWO010000075.1_3	1472	1825	354	1	0.540	11	GGA/GAG/AGG	GENOMAD.221870.VP	1.27e-07	51	0	0	0	1	NA	NA	NA	NA	NA
JAYIWO010000075.1_4	1980	2630	651	-1	0.622	11	AGGA	GENOMAD.082990.PP	1.297e-78	261	0	0	0	1	NA	NA	NA	NA	NA
JAYIWO010000075.1_5	2670	6710	4041	-1	0.637	11	AGGAG	NA	NA	NA	0	0	0	1	NA	NA	NA	NA	NA
JAYIWO010000075.1_6	6747	7388	642	-1	0.584	11	GGA/GAG/AGG	NA	NA	NA	0	0	0	1	NA	NA	NA	NA	NA
JAYIWO010000075.1_7	7529	8017	489	-1	0.636	11	None	NA	NA	NA	0	0	0	1	NA	NA	NA	NA	NA
JAYIWO010000075.1_8	8059	8571	513	-1	0.534	11	GGA/GAG/AGG	NA	NA	NA	0	0	0	1	NA	NA	NA	NA	NA
JAYIWO010000075.1_9	8581	9735	1155	-1	0.530	11	GGA/GAG/AGG	NA	NA	NA	0	0	0	1	NA	NA	NA	NA	NA
JAYIWO010000075.1_10	9808	10218	411	-1	0.608	11	None	NA	NA	NA	0	0	0	1	NA	NA	NA	NA	NA
JAYIWO010000080.1_1	592	1869	1278	-1	0.563	11	GGA/GAG/AGG	NA	NA	NA	0	0	0	1	NA	NA	NA	NA	NA
JAYIWO010000080.1_2	1932	2363	432	-1	0.562	11	None	GENOMAD.223773.PV	6.769e-05	44	0	0	0	1	NA	NA	NA	PF02794;COG2994	ACP:hemolysin acyltransferase (hemolysin-activating protein)
JAYIWO010000080.1_3	2353	4167	1815	-1	0.590	11	AGGA	NA	NA	NA	0	0	0	1	NA	NA	NA	NA	NA
JAYIWO010000080.1_4	4460	4687	228	1	0.531	11	GGA/GAG/AGG	NA	NA	NA	0	0	0	1	NA	NA	NA	NA	NA
JAYIWO010000080.1_5	4663	6306	1644	1	0.597	11	AGGAG	NA	NA	NA	0	0	0	1	NA	NA	NA	NA	NA
JAYIWO010000080.1_6	6411	7511	1101	-1	0.583	11	GGA/GAG/AGG	NA	NA	NA	0	0	0	1	NA	NA	NA	NA	NA
JAYIWO010000080.1_7	7508	8104	597	-1	0.563	11	None	NA	NA	NA	0	0	0	1	NA	NA	NA	NA	NA
JAYIWO010000080.1_8	8649	8912	264	1	0.595	11	None	NA	NA	NA	0	0	0	1	NA	NA	NA	NA	NA
JAYIWO010000081.1_1	3	92	90	-1	0.578	11	None	NA	NA	NA	0	0	0	1	NA	NA	NA	NA	NA
JAYIWO010000081.1_2	317	1708	1392	-1	0.625	11	None	GENOMAD.179286.CP	8.308e-27	118	0	0	0	1	NA	NA	NA	PF13372;TIGR04551;COG3746	Alginate export
JAYIWO010000081.1_3	1715	2605	891	-1	0.660	11	AGGA	NA	NA	NA	0	0	0	1	NA	NA	NA	NA	NA
JAYIWO010000081.1_4	2905	3213	309	-1	0.618	11	GGA/GAG/AGG	GENOMAD.147527.PC	3.77e-38	138	0	0	0	1	NA	NA	NA	PF07235;COG4317;TIGR03510	Xanthosine utilization system component, XapX domain
JAYIWO010000081.1_5	3867	4235	369	-1	0.602	11	None	NA	NA	NA	0	0	0	1	NA	NA	NA	NA	NA
JAYIWO010000081.1_6	4319	5635	1317	1	0.631	11	None	NA	NA	NA	0	0	0	1	NA	NA	NA	NA	NA
JAYIWO010000081.1_7	5966	8212	2247	1	0.641	11	GGA/GAG/AGG	GENOMAD.171691.CP	1.243e-239	755	0	0	0	1	NA	NA	NA	K13688;COG2943	Membrane glycosyltransferase
JAYIWO010000085.1_1	226	1107	882	-1	0.626	11	GGA/GAG/AGG	GENOMAD.106709.VV	0.0009961	43	0	0	0	1246	Caudoviricetes	NA	NA	PF16793	RepB DNA-primase from phage plasmid
JAYIWO010000085.1_2	1286	1651	366	-1	0.596	11	GGA/GAG/AGG	GENOMAD.115272.PV	1.196e-18	83	0	0	0	1	NA	NA	NA	PF20090	NA
JAYIWO010000085.1_3	1723	2028	306	-1	0.585	11	None	GENOMAD.137354.PC	1.928e-05	44	0	1	0	1	NA	NA	NA	PF05016;COG3668;TIGR02385;K19093	ParE toxin of type II toxin-antitoxin system, parDE
JAYIWO010000085.1_4	2032	2499	468	-1	0.645	11	AGGAG	NA	NA	NA	0	0	0	1	NA	NA	NA	NA	NA
JAYIWO010000085.1_5	2706	3026	321	1	0.558	11	GGAG/GAGG	NA	NA	NA	0	0	0	1	NA	NA	NA	NA	NA
JAYIWO010000085.1_6	3087	3422	336	1	0.524	11	AGGA	GENOMAD.225822.VP	1.431e-12	65	0	0	0	1	NA	NA	NA	NA	NA
JAYIWO010000085.1_7	3469	3933	465	-1	0.701	11	None	GENOMAD.141865.PV	9.586e-86	278	0	0	0	1	NA	NA	NA	PF20090	NA
JAYIWO010000085.1_8	4276	4743	468	-1	0.524	11	GGAG/GAGG	NA	NA	NA	0	0	0	1	NA	NA	NA	NA	NA
