system.number,seqid,system,target.name,hmm.accession,hmm.name,protein.name,full.seq.E.value,domain.iE.value,target.coverage,hmm.coverage,start,end,strand,target.description,relative.position,contig.end,all.domains,best.hits
2,JAYIWO010000001.1,RM_type_I,JAYIWO010000001.1_74,PDLC03029,MTase_I_00012,MTase_I,1.499999999999999e-265,1.699999999999999e-265,0.995,0.995,80471,82657,+,-,74,224,"PDLC03028,MTase_I_00011, 1, 4e-32, 0.643, 0.361 | PDLC03031,MTase_I_00014, 1, 4.7e-46, 0.647, 0.556 | PDLC03021,MTase_I_00004, 1, 2.1e-31, 0.473, 0.64 | PDLC03020,MTase_I_00003, 1, 70, 0.043, 0.076 | PDLC03020,MTase_I_00003, 2, 4.4e-14, 0.358, 0.6 | PDLC03038,MTase_I_00021, 1, 2.1e-30, 0.59, 0.439 | PDLC03029,MTase_I_00012, 1, 1.7e-265, 0.995, 0.995 | PDLC03027,MTase_I_00010, 1, 54, 0.044, 0.04 | PDLC03027,MTase_I_00010, 2, 2.1e-40, 0.442, 0.36 | PDLC03037,MTase_I_00020, 1, 0.00053, 0.289, 0.24 | PDLC03018,MTase_I_00001, 1, 0.0013, 0.123, 0.103 | PDLC03018,MTase_I_00001, 2, 2.4, 0.04, 0.039 | PDLC03039,MTase_I_00022, 1, 9.9e-26, 0.461, 0.434 | PDLC03036,MTase_I_00019, 1, 6e-14, 0.402, 0.433 | PDLC03035,MTase_I_00018, 1, 1.1e-32, 0.639, 0.658 | PDLC03022,MTase_I_00005, 1, 5.3e-42, 0.623, 0.511 | PDLC03026,MTase_I_00009, 1, 9.2e-30, 0.472, 0.651 | PDLC03033,MTase_I_00016, 1, 1.1e-23, 0.427, 0.538 | PDLC03025,MTase_I_00008, 1, 2.2e-17, 0.425, 0.496 | PDLC03019,MTase_I_00002, 1, 8.9e-32, 0.617, 0.438 | PDLC03030,MTase_I_00013, 1, 7.1, 0.133, 0.124 | PDLC03030,MTase_I_00013, 2, 0.0014, 0.093, 0.11 | PDLC03030,MTase_I_00013, 3, 90, 0.033, 0.036 | PDLC03030,MTase_I_00013, 4, 330, 0.051, 0.049 | PDLC03032,MTase_I_00015, 1, 5.1e-27, 0.412, 0.274","PDLC03029, MTase_I_00012, 1.7e-265, 0.995, 0.995 | PDLC03031, MTase_I_00014, 4.7e-46, 0.647, 0.556 | PDLC03022, MTase_I_00005, 5.3e-42, 0.623, 0.511 | PDLC03027, MTase_I_00010, 2.1e-40, 0.442, 0.36 | PDLC03035, MTase_I_00018, 1.1e-32, 0.639, 0.658"
1,JAYIWO010000001.1,PDC-S05,JAYIWO010000001.1_75,PDLC04852,PDC-S05_WP_110807286.1,PDC-S05,4.9999999999999987e-138,5.999999999999999e-138,0.923,0.98,82654,83748,+,-,75,224,"PDLC04875,PDC-S05_WP_187536628.1, 1, 1.5e-16, 0.186, 0.569 | PDLC04875,PDC-S05_WP_187536628.1, 2, 7, 0.082, 0.26 | PDLC04882,PDC-S05_WP_200471277.1, 1, 1.3e-05, 0.189, 0.812 | PDLC04843,PDC-S05_WP_181573034.1, 1, 3e-96, 0.893, 0.97 | PDLC04877,PDC-S05_WP_126307469.1, 1, 3.7e-15, 0.173, 0.793 | PDLC04850,PDC-S05_WP_191092432.1, 1, 5.5e-06, 0.175, 0.744 | PDLC04864,PDC-S05_WP_222427554.1, 1, 8.2e-109, 0.751, 0.971 | PDLC04873,PDC-S05_WP_017455060.1, 1, 1.3e-36, 0.293, 0.914 | PDLC04884,PDC-S05_WP_026981758.1, 1, 5.5e-19, 0.2, 0.882 | PDLC04846,PDC-S05_WP_093514383.1, 1, 0.014, 0.079, 0.448 | PDLC04846,PDC-S05_WP_093514383.1, 2, 530, 0.036, 0.194 | PDLC04844,PDC-S05_WP_008569830.1, 1, 9.9e-24, 0.23, 0.542 | PDLC04871,PDC-S05_WP_231564492.1, 1, 2e-94, 0.833, 0.665 | PDLC04870,PDC-S05_WP_135110477.1, 1, 2.4e-76, 0.559, 0.953 | PDLC04863,PDC-S05_WP_104509157.1, 1, 9.1e-06, 0.189, 0.809 | PDLC04872,PDC-S05_WP_106707341.1, 1, 1.4e-47, 0.345, 0.842 | PDLC04851,PDC-S05_WP_020395932.1, 1, 6.1e-120, 0.863, 0.939 | PDLC04883,PDC-S05_WP_220413105.1, 1, 4.3e-14, 0.189, 0.816 | PDLC04868,PDC-S05_WP_205747975.1, 1, 7.8e-106, 0.844, 0.94 | PDLC04845,PDC-S05_WP_210384770.1, 1, 4.2e-20, 0.31, 0.613 | PDLC04845,PDC-S05_WP_210384770.1, 2, 390, 0.06, 0.115 | PDLC04845,PDC-S05_WP_210384770.1, 3, 58, 0.06, 0.115 | PDLC04874,PDC-S05_WP_205904899.1, 1, 7.8e-35, 0.348, 0.752 | PDLC04854,PDC-S05_WP_190995815.1, 1, 7.9e-50, 0.452, 0.774 | PDLC04865,PDC-S05_WP_206196814.1, 1, 2.6e-21, 0.233, 0.956 | PDLC04880,PDC-S05_WP_050949286.1, 1, 6.9e-10, 0.126, 0.873 | PDLC04861,PDC-S05_WP_205729986.1, 1, 8.3e-28, 0.205, 0.928 | PDLC04853,PDC-S05_WP_228444512.1, 1, 8.2e-129, 0.893, 0.961 | PDLC04855,PDC-S05_WP_179358254.1, 1, 2.8e-11, 0.148, 0.659 | PDLC04879,PDC-S05_WP_091962608.1, 1, 1.1e-37, 0.334, 0.428 | PDLC04885,PDC-S05_WP_002697025.1, 1, 6.5e-28, 0.263, 0.891 | PDLC04867,PDC-S05_WP_204355478.1, 1, 3.7e-20, 0.216, 0.871 | PDLC04858,PDC-S05_WP_065233724.1, 1, 4.3e-38, 0.342, 0.899 | PDLC04847,PDC-S05_WP_224134658.1, 1, 3.1e-30, 0.233, 0.837 | PDLC04881,PDC-S05_WP_108603569.1, 1, 1.2e-20, 0.197, 0.902 | PDLC04860,PDC-S05_WP_055170183.1, 1, 4.1e-15, 0.175, 0.454 | PDLC04848,PDC-S05_WP_138764285.1, 1, 9.1e-39, 0.381, 0.485 | PDLC04852,PDC-S05_WP_110807286.1, 1, 6e-138, 0.923, 0.98 | PDLC04859,PDC-S05_WP_215891945.1, 1, 3.6e-20, 0.203, 0.724 | PDLC04859,PDC-S05_WP_215891945.1, 2, 3000, 0.022, 0.076 | PDLC04876,PDC-S05_WP_205197604.1, 1, 3.5e-64, 0.441, 0.943 | PDLC04857,PDC-S05_WP_200872712.1, 1, 1.9e-10, 0.197, 0.393","PDLC04852, PDC-S05_WP_110807286.1, 6e-138, 0.923, 0.98 | PDLC04853, PDC-S05_WP_228444512.1, 8.2e-129, 0.893, 0.961 | PDLC04851, PDC-S05_WP_020395932.1, 6.1e-120, 0.863, 0.939 | PDLC04864, PDC-S05_WP_222427554.1, 8.2e-109, 0.751, 0.971 | PDLC04868, PDC-S05_WP_205747975.1, 7.8e-106, 0.844, 0.94"
2,JAYIWO010000001.1,RM_type_I,JAYIWO010000001.1_76,PDLC03072,Specificity_I_00021,Specificity_I,6.899999999999999e-81,9.399999999999999e-81,0.966,0.931,83745,85064,+,-,76,224,"PDLC03117,Specificity_I_00066, 1, 0.53, 0.114, 0.089 | PDLC03117,Specificity_I_00066, 2, 0.00064, 0.366, 0.301 | PDLC03188,Specificity_I_00137, 1, 5.5e-43, 0.4, 0.391 | PDLC03187,Specificity_I_00136, 1, 0.028, 0.116, 0.126 | PDLC03187,Specificity_I_00136, 2, 300, 0.098, 0.115 | PDLC03074,Specificity_I_00023, 1, 9e-05, 0.323, 0.319 | PDLC03074,Specificity_I_00023, 2, 76, 0.114, 0.123 | PDLC03148,Specificity_I_00097, 1, 6.4e-11, 0.725, 0.713 | PDLC03089,Specificity_I_00038, 1, 2e-08, 0.275, 0.285 | PDLC03089,Specificity_I_00038, 2, 0.063, 0.377, 0.365 | PDLC03096,Specificity_I_00045, 1, 4.6e-12, 0.361, 0.233 | PDLC03096,Specificity_I_00045, 2, 0.0048, 0.493, 0.316 | PDLC03073,Specificity_I_00022, 1, 2.1e-23, 0.459, 0.449 | PDLC03073,Specificity_I_00022, 2, 1.4e-21, 0.484, 0.485 | PDLC03145,Specificity_I_00094, 1, 0.00036, 0.2, 0.189 | PDLC03145,Specificity_I_00094, 2, 4.7e-34, 0.459, 0.449 | PDLC03140,Specificity_I_00089, 1, 2.3e-13, 0.252, 0.261 | PDLC03140,Specificity_I_00089, 2, 0.71, 0.061, 0.06 | PDLC03140,Specificity_I_00089, 3, 4.3e-08, 0.389, 0.397 | PDLC03068,Specificity_I_00017, 1, 3.5e-09, 0.48, 0.514 | PDLC03068,Specificity_I_00017, 2, 0.0078, 0.311, 0.323 | PDLC03115,Specificity_I_00064, 1, 4.2, 0.111, 0.106 | PDLC03115,Specificity_I_00064, 2, 0.0012, 0.164, 0.156 | PDLC03185,Specificity_I_00134, 1, 7.1e-05, 0.218, 0.223 | PDLC03185,Specificity_I_00134, 2, 0.046, 0.373, 0.39 | PDLC03107,Specificity_I_00056, 1, 9.3e-34, 0.83, 0.855 | PDLC03146,Specificity_I_00095, 1, 0.00021, 0.22, 0.219 | PDLC03146,Specificity_I_00095, 2, 16, 0.207, 0.217 | PDLC03093,Specificity_I_00042, 1, 96, 0.023, 0.027 | PDLC03093,Specificity_I_00042, 2, 0.017, 0.255, 0.286 | PDLC03093,Specificity_I_00042, 3, 0.00065, 0.12, 0.142 | PDLC03093,Specificity_I_00042, 4, 0.033, 0.136, 0.16 | PDLC03139,Specificity_I_00088, 1, 43, 0.141, 0.145 | PDLC03139,Specificity_I_00088, 2, 1.7e-13, 0.659, 0.67 | PDLC03109,Specificity_I_00058, 1, 0.00046, 0.28, 0.212 | PDLC03109,Specificity_I_00058, 2, 4.2e-07, 0.327, 0.245 | PDLC03180,Specificity_I_00129, 1, 1.3, 0.111, 0.111 | PDLC03180,Specificity_I_00129, 2, 0.18, 0.282, 0.303 | PDLC03079,Specificity_I_00028, 1, 3.3e-24, 0.375, 0.36 | PDLC03079,Specificity_I_00028, 2, 4.3e-06, 0.625, 0.596 | PDLC03090,Specificity_I_00039, 1, 380, 0.023, 0.023 | PDLC03090,Specificity_I_00039, 2, 2.2e-34, 0.759, 0.744 | PDLC03158,Specificity_I_00107, 1, 0.016, 0.341, 0.339 | PDLC03158,Specificity_I_00107, 2, 0.39, 0.402, 0.372 | PDLC03158,Specificity_I_00107, 3, 10, 0.159, 0.162 | PDLC03167,Specificity_I_00116, 1, 0.19, 0.236, 0.192 | PDLC03167,Specificity_I_00116, 2, 0.00065, 0.241, 0.196 | PDLC03124,Specificity_I_00073, 1, 0.0059, 0.3, 0.305 | PDLC03124,Specificity_I_00073, 2, 7.2e-05, 0.373, 0.395 | PDLC03194,Specificity_I_00143, 1, 2.5e-07, 0.323, 0.345 | PDLC03194,Specificity_I_00143, 2, 0.038, 0.245, 0.274 | PDLC03191,Specificity_I_00140, 1, 1.9e-15, 0.534, 0.518 | PDLC03191,Specificity_I_00140, 2, 1.4e-28, 0.482, 0.466 | PDLC03078,Specificity_I_00027, 1, 0.0026, 0.239, 0.239 | PDLC03078,Specificity_I_00027, 2, 87, 0.075, 0.079 | PDLC03126,Specificity_I_00075, 1, 0.58, 0.252, 0.154 | PDLC03126,Specificity_I_00075, 2, 5.5, 0.234, 0.149 | PDLC03175,Specificity_I_00124, 1, 0.069, 0.234, 0.223 | PDLC03175,Specificity_I_00124, 2, 0.00063, 0.316, 0.301 | PDLC03186,Specificity_I_00135, 1, 1.6e-16, 0.264, 0.282 | PDLC03070,Specificity_I_00019, 1, 1.6e-15, 0.745, 0.731 | PDLC03057,Specificity_I_00006, 1, 0.00016, 0.245, 0.258 | PDLC03057,Specificity_I_00006, 2, 1.9, 0.236, 0.251 | PDLC03165,Specificity_I_00114, 1, 5.9e-07, 0.257, 0.258 | PDLC03165,Specificity_I_00114, 2, 6.8e-06, 0.375, 0.394 | PDLC03142,Specificity_I_00091, 1, 6.2e-24, 0.741, 0.65 | PDLC03122,Specificity_I_00071, 1, 0.0015, 0.195, 0.212 | PDLC03122,Specificity_I_00071, 2, 65, 0.095, 0.618 | PDLC03174,Specificity_I_00123, 1, 1e-09, 0.339, 0.306 | PDLC03174,Specificity_I_00123, 2, 1.4, 0.052, 0.049 | PDLC03174,Specificity_I_00123, 3, 0.0026, 0.132, 0.124 | PDLC03171,Specificity_I_00120, 1, 0.83, 0.23, 0.155 | PDLC03171,Specificity_I_00120, 2, 0.0035, 0.252, 0.167 | PDLC03163,Specificity_I_00112, 1, 3.6e-07, 0.305, 0.297 | PDLC03163,Specificity_I_00112, 2, 7e-04, 0.236, 0.237 | PDLC03164,Specificity_I_00113, 1, 860, 0.018, 0.02 | PDLC03164,Specificity_I_00113, 2, 3.8e-10, 0.384, 0.411 | PDLC03164,Specificity_I_00113, 3, 0.07, 0.248, 0.264 | PDLC03128,Specificity_I_00077, 1, 2.5e-22, 0.368, 0.406 | PDLC03128,Specificity_I_00077, 2, 450, 0.095, 0.107 | PDLC03147,Specificity_I_00096, 1, 1.9e-13, 0.623, 0.622 | PDLC03179,Specificity_I_00128, 1, 7.6e-06, 0.373, 0.278 | PDLC03179,Specificity_I_00128, 2, 1.7e-08, 0.505, 0.363 | PDLC03071,Specificity_I_00020, 1, 1.1e-07, 0.22, 0.221 | PDLC03071,Specificity_I_00020, 2, 8.3e-05, 0.484, 0.46 | PDLC03098,Specificity_I_00047, 1, 3e-15, 0.75, 0.704 | PDLC03076,Specificity_I_00025, 1, 2.2e-05, 0.286, 0.256 | PDLC03076,Specificity_I_00025, 2, 3.7, 0.384, 0.326 | PDLC03086,Specificity_I_00035, 1, 0.014, 0.245, 0.229 | PDLC03086,Specificity_I_00035, 2, 0.014, 0.282, 0.264 | PDLC03143,Specificity_I_00092, 1, 7.1e-31, 0.82, 0.822 | PDLC03108,Specificity_I_00057, 1, 2.1e-08, 0.73, 0.67 | PDLC03062,Specificity_I_00011, 1, 2.8e-06, 0.227, 0.229 | PDLC03062,Specificity_I_00011, 2, 330, 0.127, 0.144 | PDLC03196,Specificity_I_00145, 1, 1.2, 0.236, 0.13 | PDLC03196,Specificity_I_00145, 2, 0.0028, 0.518, 0.287 | PDLC03059,Specificity_I_00008, 1, 11, 0.323, 0.335 | PDLC03059,Specificity_I_00008, 2, 9e-07, 0.416, 0.444 | PDLC03169,Specificity_I_00118, 1, 1.6e-19, 0.777, 0.718 | PDLC03169,Specificity_I_00118, 2, 6.9e-06, 0.243, 0.23 | PDLC03162,Specificity_I_00111, 1, 5.2e-30, 0.748, 0.729 | PDLC03064,Specificity_I_00013, 1, 5.5e-05, 0.298, 0.306 | PDLC03064,Specificity_I_00013, 2, 8.5e-06, 0.375, 0.391 | PDLC03069,Specificity_I_00018, 1, 3.9e-09, 0.302, 0.32 | PDLC03069,Specificity_I_00018, 2, 0.056, 0.232, 0.256 | PDLC03100,Specificity_I_00049, 1, 3.7e-07, 0.352, 0.393 | PDLC03100,Specificity_I_00049, 2, 5.4e-11, 0.52, 0.526 | PDLC03106,Specificity_I_00055, 1, 1.7e-09, 0.557, 0.566 | PDLC03127,Specificity_I_00076, 1, 3.5e-59, 0.982, 0.79 | PDLC03099,Specificity_I_00048, 1, 0.00021, 0.284, 0.294 | PDLC03099,Specificity_I_00048, 2, 24, 0.109, 0.119 | PDLC03151,Specificity_I_00100, 1, 0.78, 0.243, 0.237 | PDLC03151,Specificity_I_00100, 2, 0.048, 0.161, 0.165 | PDLC03189,Specificity_I_00138, 1, 6.6e-18, 0.72, 0.673 | PDLC03119,Specificity_I_00068, 1, 0.041, 0.161, 0.173 | PDLC03119,Specificity_I_00068, 2, 9.6e-09, 0.402, 0.448 | PDLC03161,Specificity_I_00110, 1, 1.9, 0.098, 0.114 | PDLC03161,Specificity_I_00110, 2, 1.4e-07, 0.336, 0.388 | PDLC03088,Specificity_I_00037, 1, 0.28, 0.164, 0.111 | PDLC03088,Specificity_I_00037, 2, 2.3, 0.173, 0.117 | PDLC03134,Specificity_I_00083, 1, 0.0011, 0.507, 0.493 | PDLC03134,Specificity_I_00083, 2, 0.00034, 0.289, 0.29 | PDLC03083,Specificity_I_00032, 1, 1.4e-48, 0.502, 0.303 | PDLC03083,Specificity_I_00032, 2, 0.00062, 0.157, 0.096 | PDLC03183,Specificity_I_00132, 1, 0.0013, 0.2, 0.213 | PDLC03183,Specificity_I_00132, 2, 10, 0.048, 0.052 | PDLC03183,Specificity_I_00132, 3, 0.38, 0.27, 0.283 | PDLC03156,Specificity_I_00105, 1, 1.4e-05, 0.241, 0.24 | PDLC03156,Specificity_I_00105, 2, 0.027, 0.273, 0.281 | PDLC03113,Specificity_I_00062, 1, 0.012, 0.225, 0.225 | PDLC03113,Specificity_I_00062, 2, 0.00032, 0.57, 0.547 | PDLC03144,Specificity_I_00093, 1, 0.0098, 0.136, 0.147 | PDLC03144,Specificity_I_00093, 2, 3.1, 0.132, 0.142 | PDLC03168,Specificity_I_00117, 1, 2.5, 0.327, 0.307 | PDLC03168,Specificity_I_00117, 2, 0.29, 0.168, 0.159 | PDLC03168,Specificity_I_00117, 3, 1.7e-05, 0.37, 0.34 | PDLC03077,Specificity_I_00026, 1, 3e-04, 0.248, 0.249 | PDLC03077,Specificity_I_00026, 2, 0.017, 0.275, 0.281 | PDLC03176,Specificity_I_00125, 1, 3.4e-05, 0.334, 0.255 | PDLC03176,Specificity_I_00125, 2, 0.0049, 0.286, 0.219 | PDLC03172,Specificity_I_00121, 1, 1.6e-07, 0.541, 0.531 | PDLC03114,Specificity_I_00063, 1, 0.075, 0.17, 0.176 | PDLC03114,Specificity_I_00063, 2, 22, 0.223, 0.232 | PDLC03150,Specificity_I_00099, 1, 1.5e-05, 0.298, 0.248 | PDLC03150,Specificity_I_00099, 2, 0.12, 0.13, 0.12 | PDLC03084,Specificity_I_00033, 1, 0.0026, 0.209, 0.217 | PDLC03084,Specificity_I_00033, 2, 1.4, 0.275, 0.288 | PDLC03105,Specificity_I_00054, 1, 5.3e-52, 0.964, 0.922 | PDLC03101,Specificity_I_00050, 1, 2.3e-15, 0.425, 0.44 | PDLC03101,Specificity_I_00050, 2, 0.0098, 0.38, 0.394 | PDLC03160,Specificity_I_00109, 1, 0.014, 0.216, 0.236 | PDLC03160,Specificity_I_00109, 2, 0.16, 0.068, 0.075 | PDLC03160,Specificity_I_00109, 3, 15, 0.107, 0.122 | PDLC03087,Specificity_I_00036, 1, 3.1e-09, 0.532, 0.531 | PDLC03087,Specificity_I_00036, 2, 1.9e-08, 0.384, 0.402 | PDLC03178,Specificity_I_00127, 1, 7e-11, 0.811, 0.825 | PDLC03182,Specificity_I_00131, 1, 4.7e-10, 0.514, 0.502 | PDLC03072,Specificity_I_00021, 1, 9.4e-81, 0.966, 0.931","PDLC03072, Specificity_I_00021, 9.4e-81, 0.966, 0.931 | PDLC03127, Specificity_I_00076, 3.5e-59, 0.982, 0.79 | PDLC03105, Specificity_I_00054, 5.3e-52, 0.964, 0.922 | PDLC03083, Specificity_I_00032, 1.4e-48, 0.502, 0.303 | PDLC03188, Specificity_I_00137, 5.5e-43, 0.4, 0.391"
2,JAYIWO010000001.1,RM_type_I,JAYIWO010000001.1_77,PDLC03040,REase_I_00001,REase_I,2.6e-37,2.6e-36,0.62,0.569,85074,88154,+,-,77,224,"PDLC03046,REase_I_00007, 1, 8.6, 0.033, 0.033 | PDLC03046,REase_I_00007, 2, 0.004, 0.159, 0.166 | PDLC03046,REase_I_00007, 3, 170, 0.033, 0.034 | PDLC03046,REase_I_00007, 4, 3.7e-05, 0.059, 0.062 | PDLC03041,REase_I_00002, 1, 99, 0.05, 0.052 | PDLC03041,REase_I_00002, 2, 1e-06, 0.187, 0.167 | PDLC03041,REase_I_00002, 3, 0.017, 0.134, 0.129 | PDLC03041,REase_I_00002, 4, 3.8e-05, 0.074, 0.07 | PDLC03045,REase_I_00006, 1, 0.41, 0.058, 0.061 | PDLC03045,REase_I_00006, 2, 2, 0.131, 0.12 | PDLC03045,REase_I_00006, 3, 17, 0.125, 0.128 | PDLC03045,REase_I_00006, 4, 0.065, 0.043, 0.044 | PDLC03044,REase_I_00005, 1, 0.00021, 0.182, 0.171 | PDLC03044,REase_I_00005, 2, 0.00035, 0.067, 0.068 | PDLC03040,REase_I_00001, 1, 2.6e-36, 0.62, 0.569 | PDLC03048,REase_I_00009, 1, 2.4e-17, 0.322, 0.301 | PDLC03048,REase_I_00009, 2, 3e-06, 0.144, 0.149 | PDLC03048,REase_I_00009, 3, 1.4e-05, 0.062, 0.067","PDLC03040, REase_I_00001, 2.6e-36, 0.62, 0.569 | PDLC03048, REase_I_00009, 2.4e-17, 0.322, 0.301 | PDLC03041, REase_I_00002, 1e-06, 0.187, 0.167 | PDLC03046, REase_I_00007, 3.7e-05, 0.059, 0.062 | PDLC03044, REase_I_00005, 0.00021, 0.182, 0.171"
4,JAYIWO010000003.1,RM_type_I,JAYIWO010000003.1_26,PDLC03199,Specificity_I_00148,Specificity_I,6.3e-10,8.3e-10,0.789,0.788,38912,39550,+,-,26,154,"PDLC03111,Specificity_I_00060, 1, 300, 0.089, 0.092 | PDLC03111,Specificity_I_00060, 2, 0.022, 0.46, 0.488 | PDLC03117,Specificity_I_00066, 1, 0.0019, 0.329, 0.137 | PDLC03094,Specificity_I_00043, 1, 0.00014, 0.366, 0.203 | PDLC03148,Specificity_I_00097, 1, 4.5e-05, 0.38, 0.17 | PDLC03089,Specificity_I_00038, 1, 1.1e-09, 0.685, 0.325 | PDLC03096,Specificity_I_00045, 1, 0.00038, 0.38, 0.123 | PDLC03073,Specificity_I_00022, 1, 7.9e-07, 0.775, 0.378 | PDLC03200,Specificity_I_00149, 1, 0.011, 0.413, 0.458 | PDLC03112,Specificity_I_00061, 1, 0.00011, 0.446, 0.249 | PDLC03066,Specificity_I_00015, 1, 88, 0.324, 0.143 | PDLC03066,Specificity_I_00015, 2, 0.019, 0.315, 0.15 | PDLC03068,Specificity_I_00017, 1, 7.5e-10, 0.695, 0.362 | PDLC03185,Specificity_I_00134, 1, 0.0046, 0.695, 0.358 | PDLC03107,Specificity_I_00056, 1, 3.8e-09, 0.765, 0.401 | PDLC03146,Specificity_I_00095, 1, 0.062, 0.296, 0.645 | PDLC03109,Specificity_I_00058, 1, 0.012, 0.624, 0.242 | PDLC03079,Specificity_I_00028, 1, 1.6e-06, 0.455, 0.2 | PDLC03090,Specificity_I_00039, 1, 1.9e-08, 0.545, 0.263 | PDLC03153,Specificity_I_00102, 1, 0.0046, 0.451, 0.23 | PDLC03194,Specificity_I_00143, 1, 2.3e-05, 0.474, 0.253 | PDLC03078,Specificity_I_00027, 1, 0.0057, 0.61, 0.313 | PDLC03070,Specificity_I_00019, 1, 0.037, 0.465, 0.218 | PDLC03057,Specificity_I_00006, 1, 0.003, 0.394, 0.206 | PDLC03171,Specificity_I_00120, 1, 0.0083, 0.333, 0.113 | PDLC03118,Specificity_I_00067, 1, 780, 0.113, 0.058 | PDLC03118,Specificity_I_00067, 2, 0.0013, 0.272, 0.137 | PDLC03164,Specificity_I_00113, 1, 0.0056, 0.319, 0.164 | PDLC03179,Specificity_I_00128, 1, 5.8e-07, 0.606, 0.217 | PDLC03098,Specificity_I_00047, 1, 0.00049, 0.446, 0.21 | PDLC03076,Specificity_I_00025, 1, 5.8e-05, 0.502, 0.215 | PDLC03154,Specificity_I_00103, 1, 6.1e-07, 0.437, 0.222 | PDLC03086,Specificity_I_00035, 1, 9.6e-09, 0.54, 0.249 | PDLC03108,Specificity_I_00057, 1, 3.6e-05, 0.399, 0.186 | PDLC03196,Specificity_I_00145, 1, 0.011, 0.347, 0.091 | PDLC03169,Specificity_I_00118, 1, 1.3e-05, 0.446, 0.206 | PDLC03162,Specificity_I_00111, 1, 3.3e-06, 0.39, 0.188 | PDLC03064,Specificity_I_00013, 1, 0.082, 0.512, 0.254 | PDLC03069,Specificity_I_00018, 1, 4.4e-11, 0.681, 0.377 | PDLC03100,Specificity_I_00049, 1, 6.7e-12, 0.817, 0.454 | PDLC03157,Specificity_I_00106, 1, 0.0021, 0.371, 0.213 | PDLC03099,Specificity_I_00048, 1, 0.00024, 0.329, 0.16 | PDLC03141,Specificity_I_00090, 1, 0.00025, 0.357, 0.204 | PDLC03189,Specificity_I_00138, 1, 1.5e-06, 0.606, 0.277 | PDLC03119,Specificity_I_00068, 1, 1.9e-05, 0.521, 0.293 | PDLC03110,Specificity_I_00059, 1, 0.05, 0.394, 0.128 | PDLC03156,Specificity_I_00105, 1, 0.0021, 0.803, 0.402 | PDLC03113,Specificity_I_00062, 1, 5.7e-06, 0.521, 0.263 | PDLC03144,Specificity_I_00093, 1, 5.5e-05, 0.474, 0.271 | PDLC03168,Specificity_I_00117, 1, 1e-07, 0.7, 0.32 | PDLC03077,Specificity_I_00026, 1, 1.1e-05, 0.634, 0.314 | PDLC03114,Specificity_I_00063, 1, 0.031, 0.207, 0.107 | PDLC03084,Specificity_I_00033, 1, 7e-04, 0.704, 0.39 | PDLC03105,Specificity_I_00054, 1, 5.8e-09, 0.77, 0.357 | PDLC03101,Specificity_I_00050, 1, 0.00061, 0.333, 0.173 | PDLC03087,Specificity_I_00036, 1, 3.6e-06, 0.709, 0.366 | PDLC03178,Specificity_I_00127, 1, 2.5e-06, 0.61, 0.316 | PDLC03072,Specificity_I_00021, 1, 1.4e-08, 0.685, 0.324 | PDLC03199,Specificity_I_00148, 1, 8.3e-10, 0.789, 0.788","PDLC03100, Specificity_I_00049, 6.7e-12, 0.817, 0.454 | PDLC03069, Specificity_I_00018, 4.4e-11, 0.681, 0.377 | PDLC03068, Specificity_I_00017, 7.5e-10, 0.695, 0.362 | PDLC03199, Specificity_I_00148, 8.3e-10, 0.789, 0.788 | PDLC03089, Specificity_I_00038, 1.1e-09, 0.685, 0.325"
4,JAYIWO010000003.1,RM_type_I,JAYIWO010000003.1_27,PDLC03027,MTase_I_00010,MTase_I,1.4999999999999997e-132,3.099999999999999e-132,0.922,0.548,39568,41076,+,-,27,154,"PDLC03028,MTase_I_00011, 1, 5.7e-77, 0.976, 0.407 | PDLC03031,MTase_I_00014, 1, 3.7e-118, 0.905, 0.578 | PDLC03021,MTase_I_00004, 1, 1.4e-57, 0.915, 0.933 | PDLC03020,MTase_I_00003, 1, 7.1e-55, 0.738, 0.949 | PDLC03038,MTase_I_00021, 1, 8.3e-93, 0.964, 0.533 | PDLC03029,MTase_I_00012, 1, 3.2e-58, 0.845, 0.675 | PDLC03027,MTase_I_00010, 1, 3.1e-132, 0.922, 0.548 | PDLC03037,MTase_I_00020, 1, 5.4e-24, 0.465, 0.297 | PDLC03018,MTase_I_00001, 1, 1.3e-10, 0.133, 0.085 | PDLC03018,MTase_I_00001, 2, 0.002, 0.113, 0.072 | PDLC03018,MTase_I_00001, 3, 0.81, 0.133, 0.089 | PDLC03039,MTase_I_00022, 1, 3.7e-87, 0.913, 0.638 | PDLC03036,MTase_I_00019, 1, 1.2e-15, 0.479, 0.389 | PDLC03035,MTase_I_00018, 1, 2.5e-50, 0.803, 0.617 | PDLC03035,MTase_I_00018, 2, 0.45, 0.121, 0.101 | PDLC03022,MTase_I_00005, 1, 1.8e-131, 0.924, 0.565 | PDLC03026,MTase_I_00009, 1, 2e-44, 0.845, 0.817 | PDLC03023,MTase_I_00006, 1, 0.0091, 0.149, 0.101 | PDLC03023,MTase_I_00006, 2, 220, 0.052, 0.035 | PDLC03033,MTase_I_00016, 1, 6e-50, 0.744, 0.706 | PDLC03025,MTase_I_00008, 1, 2.2e-33, 0.59, 0.508 | PDLC03025,MTase_I_00008, 2, 290, 0.103, 0.088 | PDLC03034,MTase_I_00017, 1, 2.7e-06, 0.113, 0.08 | PDLC03034,MTase_I_00017, 2, 3.9e-05, 0.229, 0.17 | PDLC03019,MTase_I_00002, 1, 3.8e-66, 0.913, 0.494 | PDLC03030,MTase_I_00013, 1, 0.11, 0.262, 0.228 | PDLC03030,MTase_I_00013, 2, 5.7, 0.117, 0.099 | PDLC03032,MTase_I_00015, 1, 2.3e-101, 0.922, 0.446","PDLC03027, MTase_I_00010, 3.1e-132, 0.922, 0.548 | PDLC03022, MTase_I_00005, 1.8e-131, 0.924, 0.565 | PDLC03031, MTase_I_00014, 3.7e-118, 0.905, 0.578 | PDLC03032, MTase_I_00015, 2.3e-101, 0.922, 0.446 | PDLC03038, MTase_I_00021, 8.3e-93, 0.964, 0.533"
3,JAYIWO010000003.1,PDC-S05,JAYIWO010000003.1_28,PDLC04852,PDC-S05_WP_110807286.1,PDC-S05,9.999999999999997e-147,1.2999999999999995e-146,0.902,0.957,41069,42166,+,-,28,154,"PDLC04875,PDC-S05_WP_187536628.1, 1, 1.1e-09, 0.186, 0.553 | PDLC04875,PDC-S05_WP_187536628.1, 2, 160, 0.123, 0.333 | PDLC04882,PDC-S05_WP_200471277.1, 1, 5.2e-05, 0.191, 0.8 | PDLC04882,PDC-S05_WP_200471277.1, 2, 680, 0.046, 0.212 | PDLC04843,PDC-S05_WP_181573034.1, 1, 3.1e-100, 0.899, 0.967 | PDLC04877,PDC-S05_WP_126307469.1, 1, 1.2e-20, 0.183, 0.817 | PDLC04850,PDC-S05_WP_191092432.1, 1, 1.7e-05, 0.161, 0.663 | PDLC04850,PDC-S05_WP_191092432.1, 2, 1900, 0.027, 0.116 | PDLC04864,PDC-S05_WP_222427554.1, 1, 7.2e-105, 0.735, 0.968 | PDLC04873,PDC-S05_WP_017455060.1, 1, 2.2e-41, 0.309, 0.948 | PDLC04884,PDC-S05_WP_026981758.1, 1, 1.1e-19, 0.205, 0.882 | PDLC04844,PDC-S05_WP_008569830.1, 1, 3.1e-19, 0.246, 0.581 | PDLC04871,PDC-S05_WP_231564492.1, 1, 9.6e-103, 0.825, 0.658 | PDLC04870,PDC-S05_WP_135110477.1, 1, 2e-76, 0.552, 0.939 | PDLC04863,PDC-S05_WP_104509157.1, 1, 0.00012, 0.093, 0.5 | PDLC04863,PDC-S05_WP_104509157.1, 2, 0.016, 0.068, 0.368 | PDLC04872,PDC-S05_WP_106707341.1, 1, 1.3e-47, 0.355, 0.855 | PDLC04851,PDC-S05_WP_020395932.1, 1, 5e-126, 0.869, 0.939 | PDLC04883,PDC-S05_WP_220413105.1, 1, 1.8e-14, 0.189, 0.793 | PDLC04868,PDC-S05_WP_205747975.1, 1, 1.2e-110, 0.855, 0.952 | PDLC04845,PDC-S05_WP_210384770.1, 1, 3.1e-21, 0.339, 0.66 | PDLC04845,PDC-S05_WP_210384770.1, 2, 11, 0.06, 0.115 | PDLC04874,PDC-S05_WP_205904899.1, 1, 3e-28, 0.344, 0.733 | PDLC04854,PDC-S05_WP_190995815.1, 1, 2.1e-48, 0.451, 0.769 | PDLC04865,PDC-S05_WP_206196814.1, 1, 5e-20, 0.227, 0.912 | PDLC04880,PDC-S05_WP_050949286.1, 1, 1.9e-12, 0.137, 0.909 | PDLC04861,PDC-S05_WP_205729986.1, 1, 2.9e-22, 0.21, 0.928 | PDLC04853,PDC-S05_WP_228444512.1, 1, 8.8e-138, 0.883, 0.958 | PDLC04855,PDC-S05_WP_179358254.1, 1, 0.00011, 0.148, 0.634 | PDLC04879,PDC-S05_WP_091962608.1, 1, 4.8e-39, 0.336, 0.425 | PDLC04879,PDC-S05_WP_091962608.1, 2, 700, 0.077, 0.098 | PDLC04885,PDC-S05_WP_002697025.1, 1, 2.3e-25, 0.262, 0.873 | PDLC04885,PDC-S05_WP_002697025.1, 2, 2100, 0.03, 0.091 | PDLC04867,PDC-S05_WP_204355478.1, 1, 2.6e-17, 0.216, 0.849 | PDLC04858,PDC-S05_WP_065233724.1, 1, 3.9e-41, 0.352, 0.913 | PDLC04847,PDC-S05_WP_224134658.1, 1, 5.2e-22, 0.23, 0.808 | PDLC04881,PDC-S05_WP_108603569.1, 1, 1.6e-20, 0.202, 0.902 | PDLC04860,PDC-S05_WP_055170183.1, 1, 4.9e-07, 0.172, 0.447 | PDLC04848,PDC-S05_WP_138764285.1, 1, 6.5e-37, 0.383, 0.485 | PDLC04852,PDC-S05_WP_110807286.1, 1, 1.3e-146, 0.902, 0.957 | PDLC04859,PDC-S05_WP_215891945.1, 1, 7.3e-28, 0.205, 0.714 | PDLC04876,PDC-S05_WP_205197604.1, 1, 6.5e-66, 0.445, 0.948 | PDLC04857,PDC-S05_WP_200872712.1, 1, 1.4e-06, 0.208, 0.404","PDLC04852, PDC-S05_WP_110807286.1, 1.3e-146, 0.902, 0.957 | PDLC04853, PDC-S05_WP_228444512.1, 8.8e-138, 0.883, 0.958 | PDLC04851, PDC-S05_WP_020395932.1, 5e-126, 0.869, 0.939 | PDLC04868, PDC-S05_WP_205747975.1, 1.2e-110, 0.855, 0.952 | PDLC04864, PDC-S05_WP_222427554.1, 7.2e-105, 0.735, 0.968"
4,JAYIWO010000003.1,RM_type_I,JAYIWO010000003.1_29,PDLC03087,Specificity_I_00036,Specificity_I,2.0999999999999997e-68,2.2999999999999996e-68,0.971,0.933,42340,43560,+,-,29,154,"PDLC03111,Specificity_I_00060, 1, 82, 0.079, 0.155 | PDLC03111,Specificity_I_00060, 2, 0.003, 0.201, 0.382 | PDLC03117,Specificity_I_00066, 1, 2.2e-17, 0.494, 0.371 | PDLC03117,Specificity_I_00066, 2, 6.5e-13, 0.398, 0.305 | PDLC03188,Specificity_I_00137, 1, 1.2, 0.088, 0.087 | PDLC03188,Specificity_I_00137, 2, 0.0064, 0.189, 0.166 | PDLC03190,Specificity_I_00139, 1, 6.9e-06, 0.106, 0.111 | PDLC03190,Specificity_I_00139, 2, 1.2e-15, 0.396, 0.429 | PDLC03094,Specificity_I_00043, 1, 440, 0.047, 0.049 | PDLC03094,Specificity_I_00043, 2, 180, 0.079, 0.083 | PDLC03094,Specificity_I_00043, 3, 6.8e-08, 0.283, 0.307 | PDLC03063,Specificity_I_00012, 1, 340, 0.049, 0.054 | PDLC03063,Specificity_I_00012, 2, 0.00093, 0.103, 0.114 | PDLC03063,Specificity_I_00012, 3, 0.46, 0.071, 0.583 | PDLC03187,Specificity_I_00136, 1, 0.00023, 0.214, 0.233 | PDLC03187,Specificity_I_00136, 2, 2.1e-05, 0.369, 0.398 | PDLC03121,Specificity_I_00070, 1, 11, 0.079, 0.08 | PDLC03121,Specificity_I_00070, 2, 0.088, 0.174, 0.176 | PDLC03074,Specificity_I_00023, 1, 2e-11, 0.162, 0.154 | PDLC03074,Specificity_I_00023, 2, 2.1e-09, 0.27, 0.265 | PDLC03148,Specificity_I_00097, 1, 1.5e-19, 0.361, 0.322 | PDLC03148,Specificity_I_00097, 2, 2.9e-24, 0.371, 0.322 | PDLC03089,Specificity_I_00038, 1, 1.7e-17, 0.359, 0.321 | PDLC03089,Specificity_I_00038, 2, 5.1e-06, 0.479, 0.444 | PDLC03080,Specificity_I_00029, 1, 0.86, 0.138, 0.096 | PDLC03080,Specificity_I_00029, 2, 6.5e-06, 0.26, 0.179 | PDLC03116,Specificity_I_00065, 1, 5.9e-05, 0.187, 0.198 | PDLC03116,Specificity_I_00065, 2, 5.8e-06, 0.265, 0.252 | PDLC03096,Specificity_I_00045, 1, 1.2e-38, 0.378, 0.234 | PDLC03096,Specificity_I_00045, 2, 0.00046, 0.474, 0.287 | PDLC03096,Specificity_I_00045, 3, 0.015, 0.174, 0.106 | PDLC03073,Specificity_I_00022, 1, 3.9e-12, 0.361, 0.336 | PDLC03073,Specificity_I_00022, 2, 1.4e-06, 0.251, 0.238 | PDLC03200,Specificity_I_00149, 1, 0.00015, 0.251, 0.521 | PDLC03200,Specificity_I_00149, 2, 5.4e-16, 0.423, 0.868 | PDLC03112,Specificity_I_00061, 1, 2e-10, 0.307, 0.341 | PDLC03112,Specificity_I_00061, 2, 0.014, 0.17, 0.18 | PDLC03145,Specificity_I_00094, 1, 54, 0.076, 0.068 | PDLC03145,Specificity_I_00094, 2, 10, 0.123, 0.119 | PDLC03145,Specificity_I_00094, 3, 8.6e-07, 0.418, 0.374 | PDLC03066,Specificity_I_00015, 1, 1.4e-10, 0.361, 0.333 | PDLC03066,Specificity_I_00015, 2, 0.00076, 0.187, 0.168 | PDLC03140,Specificity_I_00089, 1, 4.7e-06, 0.403, 0.395 | PDLC03140,Specificity_I_00089, 2, 0.0039, 0.138, 0.144 | PDLC03068,Specificity_I_00017, 1, 2.2e-15, 0.364, 0.355 | PDLC03068,Specificity_I_00017, 2, 3.8e-08, 0.346, 0.345 | PDLC03061,Specificity_I_00010, 1, 0.098, 0.292, 0.281 | PDLC03061,Specificity_I_00010, 2, 0.14, 0.093, 0.106 | PDLC03061,Specificity_I_00010, 3, 0.00088, 0.204, 0.214 | PDLC03115,Specificity_I_00064, 1, 0.0038, 0.165, 0.145 | PDLC03115,Specificity_I_00064, 2, 3.8, 0.123, 0.106 | PDLC03166,Specificity_I_00115, 1, 8.3e-38, 0.354, 0.27 | PDLC03166,Specificity_I_00115, 2, 1, 0.091, 0.069 | PDLC03185,Specificity_I_00134, 1, 1.5e-09, 0.391, 0.38 | PDLC03185,Specificity_I_00134, 2, 4.8e-10, 0.361, 0.363 | PDLC03107,Specificity_I_00056, 1, 4.3e-46, 0.435, 0.452 | PDLC03107,Specificity_I_00056, 2, 4.3e-07, 0.224, 0.23 | PDLC03146,Specificity_I_00095, 1, 5.7e-09, 0.391, 0.369 | PDLC03146,Specificity_I_00095, 2, 9.5e-17, 0.45, 0.431 | PDLC03038,MTase_I_00021, 1, 7.9e-05, 0.292, 0.133 | PDLC03038,MTase_I_00021, 2, 0.34, 0.182, 0.081 | PDLC03093,Specificity_I_00042, 1, 0.22, 0.093, 0.102 | PDLC03093,Specificity_I_00042, 2, 0.0015, 0.133, 0.155 | PDLC03139,Specificity_I_00088, 1, 1.1e-42, 0.405, 0.379 | PDLC03139,Specificity_I_00088, 2, 0.084, 0.211, 0.211 | PDLC03109,Specificity_I_00058, 1, 1.3e-13, 0.4, 0.286 | PDLC03109,Specificity_I_00058, 2, 0.00041, 0.27, 0.195 | PDLC03180,Specificity_I_00129, 1, 1.7e-06, 0.344, 0.34 | PDLC03180,Specificity_I_00129, 2, 5.7, 0.066, 0.067 | PDLC03079,Specificity_I_00028, 1, 1.9e-11, 0.334, 0.285 | PDLC03079,Specificity_I_00028, 2, 3.1e-09, 0.464, 0.43 | PDLC03090,Specificity_I_00039, 1, 3.5e-28, 0.941, 0.892 | PDLC03082,Specificity_I_00031, 1, 0.33, 0.199, 0.22 | PDLC03082,Specificity_I_00031, 2, 2, 0.17, 0.185 | PDLC03158,Specificity_I_00107, 1, 1.8, 0.157, 0.152 | PDLC03158,Specificity_I_00107, 2, 3.4e-15, 0.71, 0.667 | PDLC03167,Specificity_I_00116, 1, 2e-18, 0.332, 0.25 | PDLC03167,Specificity_I_00116, 2, 0.54, 0.197, 0.142 | PDLC03075,Specificity_I_00024, 1, 1.3e-05, 0.135, 0.138 | PDLC03075,Specificity_I_00024, 2, 5.7e-39, 0.464, 0.467 | PDLC03177,Specificity_I_00126, 1, 0.00032, 0.369, 0.368 | PDLC03177,Specificity_I_00126, 2, 0.55, 0.074, 0.075 | PDLC03124,Specificity_I_00073, 1, 2.2e-13, 0.386, 0.38 | PDLC03124,Specificity_I_00073, 2, 6e-13, 0.442, 0.458 | PDLC03195,Specificity_I_00144, 1, 1.6, 0.317, 0.238 | PDLC03195,Specificity_I_00144, 2, 2.4, 0.13, 0.104 | PDLC03153,Specificity_I_00102, 1, 1.1e-06, 0.342, 0.343 | PDLC03153,Specificity_I_00102, 2, 0.0017, 0.155, 0.146 | PDLC03194,Specificity_I_00143, 1, 2e-07, 0.351, 0.343 | PDLC03194,Specificity_I_00143, 2, 5.9e-07, 0.233, 0.233 | PDLC03191,Specificity_I_00140, 1, 0.015, 0.241, 0.232 | PDLC03191,Specificity_I_00140, 2, 8e-20, 0.678, 0.644 | PDLC03078,Specificity_I_00027, 1, 7e-10, 0.398, 0.382 | PDLC03078,Specificity_I_00027, 2, 5.2e-13, 0.408, 0.391 | PDLC03126,Specificity_I_00075, 1, 3e-10, 0.346, 0.204 | PDLC03126,Specificity_I_00075, 2, 0.0045, 0.31, 0.178 | PDLC03175,Specificity_I_00124, 1, 7.6e-19, 0.897, 0.845 | PDLC03186,Specificity_I_00135, 1, 8.2e-16, 0.943, 0.902 | PDLC03070,Specificity_I_00019, 1, 0.0068, 0.447, 0.418 | PDLC03070,Specificity_I_00019, 2, 0.00057, 0.216, 0.209 | PDLC03057,Specificity_I_00006, 1, 1.9e-06, 0.359, 0.337 | PDLC03057,Specificity_I_00006, 2, 0.0048, 0.167, 0.162 | PDLC03165,Specificity_I_00114, 1, 8.1e-14, 0.405, 0.399 | PDLC03165,Specificity_I_00114, 2, 2.4e-16, 0.45, 0.462 | PDLC03142,Specificity_I_00091, 1, 1.4e-14, 0.703, 0.611 | PDLC03122,Specificity_I_00071, 1, 4e-05, 0.12, 0.137 | PDLC03122,Specificity_I_00071, 2, 3.9, 0.074, 0.078 | PDLC03174,Specificity_I_00123, 1, 0.002, 0.145, 0.135 | PDLC03174,Specificity_I_00123, 2, 1.7e-05, 0.246, 0.214 | PDLC03174,Specificity_I_00123, 3, 5.4e-10, 0.221, 0.207 | PDLC03171,Specificity_I_00120, 1, 9.1e-06, 0.337, 0.202 | PDLC03171,Specificity_I_00120, 2, 6.9, 0.17, 0.112 | PDLC03163,Specificity_I_00112, 1, 1.7e-05, 0.386, 0.359 | PDLC03132,Specificity_I_00081, 1, 0.00062, 0.209, 0.214 | PDLC03132,Specificity_I_00081, 2, 1.7, 0.101, 0.106 | PDLC03118,Specificity_I_00067, 1, 7.1e-54, 0.939, 0.904 | PDLC03164,Specificity_I_00113, 1, 2.1e-11, 0.376, 0.374 | PDLC03164,Specificity_I_00113, 2, 480, 0.064, 0.061 | PDLC03164,Specificity_I_00113, 3, 9.6e-05, 0.305, 0.311 | PDLC03128,Specificity_I_00077, 1, 4.7, 0.113, 0.11 | PDLC03128,Specificity_I_00077, 2, 4e-05, 0.278, 0.291 | PDLC03147,Specificity_I_00096, 1, 9.9e-08, 0.324, 0.304 | PDLC03147,Specificity_I_00096, 2, 0.11, 0.263, 0.244 | PDLC03147,Specificity_I_00096, 3, 1.6e-05, 0.162, 0.162 | PDLC03129,Specificity_I_00078, 1, 0.00018, 0.334, 0.32 | PDLC03129,Specificity_I_00078, 2, 8.9e-37, 0.391, 0.371 | PDLC03179,Specificity_I_00128, 1, 1.2e-20, 0.396, 0.267 | PDLC03179,Specificity_I_00128, 2, 2.1e-09, 0.457, 0.329 | PDLC03092,Specificity_I_00041, 1, 33, 0.098, 0.103 | PDLC03092,Specificity_I_00041, 2, 6e-06, 0.678, 0.683 | PDLC03071,Specificity_I_00020, 1, 3.8e-07, 0.393, 0.381 | PDLC03071,Specificity_I_00020, 2, 6.5, 0.238, 0.236 | PDLC03098,Specificity_I_00047, 1, 5.6e-50, 0.934, 0.853 | PDLC03076,Specificity_I_00025, 1, 0.001, 0.31, 0.252 | PDLC03076,Specificity_I_00025, 2, 1.5e-06, 0.41, 0.35 | PDLC03154,Specificity_I_00103, 1, 2.3e-12, 0.366, 0.355 | PDLC03154,Specificity_I_00103, 2, 0.00018, 0.17, 0.165 | PDLC03086,Specificity_I_00035, 1, 1.3e-16, 0.359, 0.314 | PDLC03086,Specificity_I_00035, 2, 1.1e-05, 0.187, 0.166 | PDLC03143,Specificity_I_00092, 1, 1.4, 0.165, 0.153 | PDLC03143,Specificity_I_00092, 2, 0.43, 0.229, 0.2 | PDLC03108,Specificity_I_00057, 1, 9.7e-14, 0.415, 0.365 | PDLC03108,Specificity_I_00057, 2, 5.8, 0.057, 0.051 | PDLC03108,Specificity_I_00057, 3, 1e-09, 0.342, 0.301 | PDLC03062,Specificity_I_00011, 1, 3.1e-05, 0.501, 0.501 | PDLC03062,Specificity_I_00011, 2, 0.0017, 0.061, 0.067 | PDLC03196,Specificity_I_00145, 1, 1.1e-07, 0.361, 0.178 | PDLC03196,Specificity_I_00145, 2, 32, 0.047, 0.024 | PDLC03196,Specificity_I_00145, 3, 0.00054, 0.238, 0.125 | PDLC03059,Specificity_I_00008, 1, 1.4e-56, 0.973, 0.896 | PDLC03169,Specificity_I_00118, 1, 2.6e-16, 0.324, 0.284 | PDLC03169,Specificity_I_00118, 2, 4.3e-09, 0.29, 0.252 | PDLC03162,Specificity_I_00111, 1, 1.9e-10, 0.504, 0.448 | PDLC03162,Specificity_I_00111, 2, 4.6e-11, 0.337, 0.311 | PDLC03149,Specificity_I_00098, 1, 0.075, 0.275, 0.254 | PDLC03149,Specificity_I_00098, 2, 44, 0.152, 0.15 | PDLC03103,Specificity_I_00052, 1, 4.1e-05, 0.226, 0.235 | PDLC03103,Specificity_I_00052, 2, 140, 0.061, 0.064 | PDLC03103,Specificity_I_00052, 3, 2.2e-06, 0.305, 0.311 | PDLC03064,Specificity_I_00013, 1, 2.2e-10, 0.349, 0.337 | PDLC03064,Specificity_I_00013, 2, 7.7e-09, 0.319, 0.308 | PDLC03055,Specificity_I_00004, 1, 2.2e-05, 0.327, 0.332 | PDLC03055,Specificity_I_00004, 2, 0.21, 0.342, 0.354 | PDLC03055,Specificity_I_00004, 3, 150, 0.044, 0.045 | PDLC03069,Specificity_I_00018, 1, 9.8e-32, 0.342, 0.354 | PDLC03069,Specificity_I_00018, 2, 1.8e-07, 0.189, 0.189 | PDLC03100,Specificity_I_00049, 1, 1.5e-29, 0.405, 0.418 | PDLC03100,Specificity_I_00049, 2, 2.7e-14, 0.622, 0.617 | PDLC03106,Specificity_I_00055, 1, 8.9e-17, 0.681, 0.672 | PDLC03157,Specificity_I_00106, 1, 0.3, 0.15, 0.158 | PDLC03157,Specificity_I_00106, 2, 0.23, 0.093, 0.104 | PDLC03127,Specificity_I_00076, 1, 3.8e-32, 0.413, 0.294 | PDLC03127,Specificity_I_00076, 2, 3.9e-07, 0.258, 0.189 | PDLC03173,Specificity_I_00122, 1, 1.8e-11, 0.4, 0.359 | PDLC03173,Specificity_I_00122, 2, 1.9e-09, 0.241, 0.203 | PDLC03120,Specificity_I_00069, 1, 1.5e-05, 0.391, 0.303 | PDLC03120,Specificity_I_00069, 2, 130, 0.101, 0.078 | PDLC03099,Specificity_I_00048, 1, 2.4e-07, 0.337, 0.341 | PDLC03099,Specificity_I_00048, 2, 3.1e-08, 0.233, 0.22 | PDLC03081,Specificity_I_00030, 1, 7.7e-14, 0.666, 0.646 | PDLC03151,Specificity_I_00100, 1, 2.8e-06, 0.319, 0.304 | PDLC03151,Specificity_I_00100, 2, 1, 0.106, 0.109 | PDLC03058,Specificity_I_00007, 1, 1.7e-05, 0.177, 0.181 | PDLC03058,Specificity_I_00007, 2, 0.64, 0.152, 0.155 | PDLC03141,Specificity_I_00090, 1, 130, 0.091, 0.097 | PDLC03141,Specificity_I_00090, 2, 0.0049, 0.263, 0.285 | PDLC03189,Specificity_I_00138, 1, 1.5e-21, 0.4, 0.344 | PDLC03189,Specificity_I_00138, 2, 1.6e-06, 0.285, 0.717 | PDLC03125,Specificity_I_00074, 1, 0.00018, 0.319, 0.325 | PDLC03125,Specificity_I_00074, 2, 9e-04, 0.258, 0.266 | PDLC03119,Specificity_I_00068, 1, 1.9e-10, 0.364, 0.377 | PDLC03119,Specificity_I_00068, 2, 0.00063, 0.16, 0.158 | PDLC03054,Specificity_I_00003, 1, 4.8e-08, 0.307, 0.307 | PDLC03054,Specificity_I_00003, 2, 1.2e-08, 0.251, 0.239 | PDLC03054,Specificity_I_00003, 3, 0.00015, 0.177, 0.18 | PDLC03192,Specificity_I_00141, 1, 1.4e-24, 0.885, 0.835 | PDLC03102,Specificity_I_00051, 1, 0.19, 0.14, 0.152 | PDLC03102,Specificity_I_00051, 2, 9.7e-06, 0.253, 0.269 | PDLC03110,Specificity_I_00059, 1, 3.4e-11, 0.396, 0.256 | PDLC03110,Specificity_I_00059, 2, 1.7e-06, 0.241, 0.155 | PDLC03161,Specificity_I_00110, 1, 6.1e-09, 0.302, 0.323 | PDLC03161,Specificity_I_00110, 2, 0.01, 0.14, 0.141 | PDLC03159,Specificity_I_00108, 1, 2.4e-09, 0.344, 0.265 | PDLC03159,Specificity_I_00108, 2, 30, 0.047, 0.037 | PDLC03134,Specificity_I_00083, 1, 1.9e-21, 0.491, 0.446 | PDLC03134,Specificity_I_00083, 2, 5.6e-06, 0.219, 0.206 | PDLC03083,Specificity_I_00032, 1, 1.1, 0.167, 0.1 | PDLC03083,Specificity_I_00032, 2, 3.5e-05, 0.263, 0.152 | PDLC03095,Specificity_I_00044, 1, 0.0031, 0.233, 0.197 | PDLC03095,Specificity_I_00044, 2, 23, 0.184, 0.154 | PDLC03183,Specificity_I_00132, 1, 0.068, 0.393, 0.38 | PDLC03183,Specificity_I_00132, 2, 0.04, 0.071, 0.069 | PDLC03156,Specificity_I_00105, 1, 1.8e-54, 0.931, 0.893 | PDLC03113,Specificity_I_00062, 1, 1.3e-18, 0.428, 0.405 | PDLC03113,Specificity_I_00062, 2, 5.4e-09, 0.233, 0.223 | PDLC03144,Specificity_I_00093, 1, 1.5e-05, 0.273, 0.286 | PDLC03144,Specificity_I_00093, 2, 2.6e-05, 0.337, 0.327 | PDLC03168,Specificity_I_00117, 1, 2e-13, 0.354, 0.303 | PDLC03168,Specificity_I_00117, 2, 2.2e-05, 0.275, 0.237 | PDLC03060,Specificity_I_00009, 1, 0.00096, 0.292, 0.274 | PDLC03060,Specificity_I_00009, 2, 1.7, 0.179, 0.181 | PDLC03077,Specificity_I_00026, 1, 4.1e-09, 0.342, 0.317 | PDLC03077,Specificity_I_00026, 2, 3.5e-06, 0.324, 0.307 | PDLC03176,Specificity_I_00125, 1, 6.2e-14, 0.364, 0.602 | PDLC03172,Specificity_I_00121, 1, 8, 0.106, 0.107 | PDLC03172,Specificity_I_00121, 2, 2.3e-08, 0.727, 0.708 | PDLC03091,Specificity_I_00040, 1, 1.1e-08, 0.536, 0.491 | PDLC03091,Specificity_I_00040, 2, 5e-08, 0.174, 0.165 | PDLC03170,Specificity_I_00119, 1, 1.4e-09, 0.41, 0.396 | PDLC03170,Specificity_I_00119, 2, 7.2e-06, 0.177, 0.165 | PDLC03114,Specificity_I_00063, 1, 0.016, 0.192, 0.188 | PDLC03114,Specificity_I_00063, 2, 0.044, 0.118, 0.102 | PDLC03084,Specificity_I_00033, 1, 2.7e-09, 0.329, 0.334 | PDLC03084,Specificity_I_00033, 2, 6.4e-05, 0.216, 0.214 | PDLC03105,Specificity_I_00054, 1, 1.2e-19, 0.42, 0.382 | PDLC03105,Specificity_I_00054, 2, 1.7e-17, 0.457, 0.429 | PDLC03105,Specificity_I_00054, 3, 0.56, 0.069, 0.062 | PDLC03101,Specificity_I_00050, 1, 3.3e-68, 0.943, 0.917 | PDLC03160,Specificity_I_00109, 1, 3.5e-08, 0.398, 0.415 | PDLC03160,Specificity_I_00109, 2, 18, 0.054, 0.057 | PDLC03087,Specificity_I_00036, 1, 2.3e-68, 0.971, 0.933 | PDLC03178,Specificity_I_00127, 1, 1.8e-12, 0.4, 0.389 | PDLC03178,Specificity_I_00127, 2, 7e-22, 0.479, 0.474 | PDLC03065,Specificity_I_00014, 1, 0.041, 0.287, 0.303 | PDLC03065,Specificity_I_00014, 2, 0.017, 0.238, 0.262 | PDLC03182,Specificity_I_00131, 1, 0.015, 0.214, 0.182 | PDLC03182,Specificity_I_00131, 2, 0.43, 0.157, 0.141 | PDLC03072,Specificity_I_00021, 1, 1.1e-20, 0.391, 0.346 | PDLC03072,Specificity_I_00021, 2, 4.5e-22, 0.592, 0.565 | PDLC03032,MTase_I_00015, 1, 2e-05, 0.393, 0.156 | PDLC03032,MTase_I_00015, 2, 0.12, 0.167, 0.069","PDLC03087, Specificity_I_00036, 2.3e-68, 0.971, 0.933 | PDLC03101, Specificity_I_00050, 3.3e-68, 0.943, 0.917 | PDLC03059, Specificity_I_00008, 1.4e-56, 0.973, 0.896 | PDLC03156, Specificity_I_00105, 1.8e-54, 0.931, 0.893 | PDLC03118, Specificity_I_00067, 7.1e-54, 0.939, 0.904"
4,JAYIWO010000003.1,RM_type_I,JAYIWO010000003.1_30,PDLC03041,REase_I_00002,REase_I,0,0,0.995,0.995,43557,46847,+,-,30,154,"PDLC03049,REase_I_00010, 1, 30, 0.047, 0.058 | PDLC03049,REase_I_00010, 2, 0.00046, 0.162, 0.206 | PDLC03046,REase_I_00007, 1, 2.6e-16, 0.173, 0.212 | PDLC03046,REase_I_00007, 2, 7.9e-11, 0.072, 0.076 | PDLC03041,REase_I_00002, 1, 0, 0.995, 0.995 | PDLC03043,REase_I_00004, 1, 0.0017, 0.07, 0.233 | PDLC03043,REase_I_00004, 2, 110, 0.031, 0.109 | PDLC03045,REase_I_00006, 1, 19, 0.079, 0.087 | PDLC03045,REase_I_00006, 2, 2.9e-16, 0.187, 0.209 | PDLC03045,REase_I_00006, 3, 1.1e-06, 0.051, 0.058 | PDLC03044,REase_I_00005, 1, 5.1e-19, 0.159, 0.157 | PDLC03044,REase_I_00005, 2, 3.8e-74, 0.559, 0.606 | PDLC03040,REase_I_00001, 1, 1.2e-23, 0.197, 0.192 | PDLC03040,REase_I_00001, 2, 2.9e-78, 0.427, 0.462 | PDLC03048,REase_I_00009, 1, 2.1e-32, 0.365, 0.368 | PDLC03048,REase_I_00009, 2, 3.3e-16, 0.067, 0.077","PDLC03041, REase_I_00002, 0, 0.995, 0.995 | PDLC03040, REase_I_00001, 2.9e-78, 0.427, 0.462 | PDLC03044, REase_I_00005, 3.8e-74, 0.559, 0.606 | PDLC03048, REase_I_00009, 2.1e-32, 0.365, 0.368 | PDLC03046, REase_I_00007, 2.6e-16, 0.173, 0.212"
5,JAYIWO010000006.1,SoFic,JAYIWO010000006.1_60,PDLC03963,SoFic__SoFic,SoFic,2.7999999999999993e-121,3.2999999999999992e-121,0.928,0.972,65298,66416,+,-,60,139,"PDLC03963,SoFic__SoFic, 1, 3.3e-121, 0.928, 0.972","PDLC03963, SoFic__SoFic, 3.3e-121, 0.928, 0.972"
8,JAYIWO010000007.1,RM_type_I,JAYIWO010000007.1_48,PDLC03048,REase_I_00009,REase_I,0,0,0.982,0.989,55004,57988,+,-,48,110,"PDLC03049,REase_I_00010, 1, 3.6e-08, 0.176, 0.204 | PDLC03049,REase_I_00010, 2, 64, 0.056, 0.072 | PDLC03046,REase_I_00007, 1, 8.2e-60, 0.456, 0.472 | PDLC03046,REase_I_00007, 2, 1.1e-15, 0.257, 0.23 | PDLC03047,REase_I_00008, 1, 3.7e-05, 0.082, 0.077 | PDLC03041,REase_I_00002, 1, 0.042, 0.116, 0.112 | PDLC03041,REase_I_00002, 2, 4.9e-14, 0.221, 0.195 | PDLC03041,REase_I_00002, 3, 9.8e-13, 0.069, 0.062 | PDLC03043,REase_I_00004, 1, 9.6e-34, 0.261, 0.821 | PDLC03045,REase_I_00006, 1, 5.9e-53, 0.463, 0.472 | PDLC03045,REase_I_00006, 2, 3.7e-18, 0.132, 0.132 | PDLC03044,REase_I_00005, 1, 7.9e-31, 0.369, 0.338 | PDLC03044,REase_I_00005, 2, 2.7e-15, 0.124, 0.117 | PDLC03040,REase_I_00001, 1, 1.2e-26, 0.456, 0.462 | PDLC03040,REase_I_00001, 2, 5.5e-20, 0.122, 0.111 | PDLC03048,REase_I_00009, 1, 0, 0.982, 0.989","PDLC03048, REase_I_00009, 0, 0.982, 0.989 | PDLC03046, REase_I_00007, 8.2e-60, 0.456, 0.472 | PDLC03045, REase_I_00006, 5.9e-53, 0.463, 0.472 | PDLC03043, REase_I_00004, 9.6e-34, 0.261, 0.821 | PDLC03044, REase_I_00005, 7.9e-31, 0.369, 0.338"
8,JAYIWO010000007.1,RM_type_I,JAYIWO010000007.1_49,PDLC03178,Specificity_I_00127,Specificity_I,3.099999999999999e-76,3.399999999999999e-76,0.974,0.708,57991,58929,+,-,49,110,"PDLC03117,Specificity_I_00066, 1, 0.012, 0.482, 0.272 | PDLC03117,Specificity_I_00066, 2, 4.2e-05, 0.195, 0.118 | PDLC03190,Specificity_I_00139, 1, 3.4e-22, 0.636, 0.499 | PDLC03094,Specificity_I_00043, 1, 0.013, 0.217, 0.177 | PDLC03187,Specificity_I_00136, 1, 1.4e-13, 0.655, 0.481 | PDLC03074,Specificity_I_00023, 1, 2.7, 0.099, 0.071 | PDLC03074,Specificity_I_00023, 2, 5.7e-06, 0.211, 0.142 | PDLC03148,Specificity_I_00097, 1, 1.3e-06, 0.45, 0.3 | PDLC03089,Specificity_I_00038, 1, 8.6e-07, 0.543, 0.374 | PDLC03089,Specificity_I_00038, 2, 0.12, 0.236, 0.168 | PDLC03096,Specificity_I_00045, 1, 0.58, 0.141, 0.061 | PDLC03096,Specificity_I_00045, 2, 0.0028, 0.198, 0.096 | PDLC03112,Specificity_I_00061, 1, 1.8e-06, 0.316, 0.246 | PDLC03112,Specificity_I_00061, 2, 580, 0.176, 0.151 | PDLC03085,Specificity_I_00034, 1, 320, 0.032, 0.024 | PDLC03085,Specificity_I_00034, 2, 4.5e-12, 0.249, 0.177 | PDLC03068,Specificity_I_00017, 1, 1.4e-06, 0.543, 0.409 | PDLC03068,Specificity_I_00017, 2, 0.00049, 0.236, 0.184 | PDLC03166,Specificity_I_00115, 1, 9.4e-12, 0.236, 0.138 | PDLC03185,Specificity_I_00134, 1, 1.8e-29, 0.971, 0.706 | PDLC03107,Specificity_I_00056, 1, 0.026, 0.364, 0.273 | PDLC03107,Specificity_I_00056, 2, 0.00013, 0.367, 0.258 | PDLC03107,Specificity_I_00056, 3, 8.7, 0.236, 0.186 | PDLC03146,Specificity_I_00095, 1, 1.8e-48, 0.786, 0.557 | PDLC03133,Specificity_I_00082, 1, 6.1e-18, 0.482, 0.353 | PDLC03139,Specificity_I_00088, 1, 1, 0.227, 0.166 | PDLC03139,Specificity_I_00088, 2, 3.6, 0.214, 0.166 | PDLC03109,Specificity_I_00058, 1, 3.4, 0.192, 0.102 | PDLC03109,Specificity_I_00058, 2, 0.0016, 0.236, 0.134 | PDLC03079,Specificity_I_00028, 1, 2.9e-07, 0.911, 0.621 | PDLC03090,Specificity_I_00039, 1, 2.4e-20, 0.792, 0.565 | PDLC03158,Specificity_I_00107, 1, 1.9e-09, 0.422, 0.279 | PDLC03158,Specificity_I_00107, 2, 1.5e-13, 0.265, 0.199 | PDLC03075,Specificity_I_00024, 1, 5.6e-10, 0.859, 0.604 | PDLC03177,Specificity_I_00126, 1, 15, 0.112, 0.087 | PDLC03177,Specificity_I_00126, 2, 1.8e-07, 0.195, 0.149 | PDLC03124,Specificity_I_00073, 1, 6.1e-40, 0.942, 0.697 | PDLC03195,Specificity_I_00144, 1, 0.047, 0.262, 0.158 | PDLC03194,Specificity_I_00143, 1, 0.045, 0.16, 0.113 | PDLC03194,Specificity_I_00143, 2, 0.00044, 0.233, 0.189 | PDLC03078,Specificity_I_00027, 1, 2.5e-30, 0.965, 0.711 | PDLC03126,Specificity_I_00075, 1, 460, 0.125, 0.052 | PDLC03126,Specificity_I_00075, 2, 0.018, 0.22, 0.106 | PDLC03175,Specificity_I_00124, 1, 3.2e-07, 0.211, 0.141 | PDLC03186,Specificity_I_00135, 1, 0.00082, 0.502, 0.356 | PDLC03057,Specificity_I_00006, 1, 4.5e-11, 0.623, 0.43 | PDLC03165,Specificity_I_00114, 1, 8.9e-31, 0.965, 0.706 | PDLC03142,Specificity_I_00091, 1, 310, 0.112, 0.081 | PDLC03142,Specificity_I_00091, 2, 4.5e-09, 0.24, 0.159 | PDLC03174,Specificity_I_00123, 1, 0.0054, 0.463, 0.288 | PDLC03163,Specificity_I_00112, 1, 5.6e-08, 0.658, 0.488 | PDLC03118,Specificity_I_00067, 1, 5.7e-12, 0.623, 0.459 | PDLC03118,Specificity_I_00067, 2, 0.25, 0.23, 0.185 | PDLC03164,Specificity_I_00113, 1, 0.00023, 0.447, 0.32 | PDLC03164,Specificity_I_00113, 2, 310, 0.137, 0.108 | PDLC03053,Specificity_I_00002, 1, 0.0017, 0.466, 0.335 | PDLC03129,Specificity_I_00078, 1, 1.2e-09, 0.559, 0.383 | PDLC03179,Specificity_I_00128, 1, 0.031, 0.422, 0.2 | PDLC03179,Specificity_I_00128, 2, 0.083, 0.233, 0.122 | PDLC03092,Specificity_I_00041, 1, 730, 0.07, 0.055 | PDLC03092,Specificity_I_00041, 2, 2.5e-09, 0.514, 0.39 | PDLC03098,Specificity_I_00047, 1, 5.6e-07, 0.613, 0.411 | PDLC03098,Specificity_I_00047, 2, 0.003, 0.24, 0.176 | PDLC03076,Specificity_I_00025, 1, 3.7, 0.412, 0.238 | PDLC03076,Specificity_I_00025, 2, 0.0081, 0.233, 0.15 | PDLC03154,Specificity_I_00103, 1, 4.5e-12, 0.917, 0.66 | PDLC03086,Specificity_I_00035, 1, 1.1e-05, 0.38, 0.236 | PDLC03086,Specificity_I_00035, 2, 0.00041, 0.224, 0.159 | PDLC03123,Specificity_I_00072, 1, 6.5e-09, 0.214, 0.167 | PDLC03108,Specificity_I_00057, 1, 30, 0.169, 0.115 | PDLC03108,Specificity_I_00057, 2, 5.8e-07, 0.335, 0.208 | PDLC03108,Specificity_I_00057, 3, 4e-08, 0.233, 0.168 | PDLC03062,Specificity_I_00011, 1, 0.00012, 0.46, 0.323 | PDLC03169,Specificity_I_00118, 1, 0.014, 0.361, 0.221 | PDLC03169,Specificity_I_00118, 2, 0.00059, 0.236, 0.165 | PDLC03162,Specificity_I_00111, 1, 4.8e-18, 0.486, 0.36 | PDLC03103,Specificity_I_00052, 1, 0.04, 0.31, 0.232 | PDLC03103,Specificity_I_00052, 2, 0.081, 0.211, 0.181 | PDLC03064,Specificity_I_00013, 1, 1e-07, 0.594, 0.428 | PDLC03064,Specificity_I_00013, 2, 6.8e-20, 0.412, 0.308 | PDLC03055,Specificity_I_00004, 1, 2.2e-07, 0.431, 0.302 | PDLC03069,Specificity_I_00018, 1, 4e-05, 0.521, 0.388 | PDLC03100,Specificity_I_00049, 1, 1.9e-06, 0.444, 0.332 | PDLC03100,Specificity_I_00049, 2, 7.9e-11, 0.425, 0.304 | PDLC03106,Specificity_I_00055, 1, 350, 0.093, 0.063 | PDLC03106,Specificity_I_00055, 2, 1.1e-11, 0.486, 0.367 | PDLC03157,Specificity_I_00106, 1, 1.1e-09, 0.236, 0.21 | PDLC03127,Specificity_I_00076, 1, 0.00028, 0.454, 0.242 | PDLC03173,Specificity_I_00122, 1, 1.6e-05, 0.182, 0.114 | PDLC03099,Specificity_I_00048, 1, 1.7e-17, 0.486, 0.4 | PDLC03081,Specificity_I_00030, 1, 1e-22, 0.572, 0.421 | PDLC03058,Specificity_I_00007, 1, 0.085, 0.169, 0.125 | PDLC03058,Specificity_I_00007, 2, 1.2e-08, 0.208, 0.163 | PDLC03189,Specificity_I_00138, 1, 2.8e-06, 0.578, 0.381 | PDLC03189,Specificity_I_00138, 2, 0.86, 0.24, 0.155 | PDLC03119,Specificity_I_00068, 1, 0.005, 0.377, 0.28 | PDLC03119,Specificity_I_00068, 2, 3e-12, 0.233, 0.188 | PDLC03054,Specificity_I_00003, 1, 0.045, 0.179, 0.137 | PDLC03192,Specificity_I_00141, 1, 0.00088, 0.559, 0.402 | PDLC03102,Specificity_I_00051, 1, 1.3e-06, 0.578, 0.441 | PDLC03161,Specificity_I_00110, 1, 1.4e-13, 0.642, 0.454 | PDLC03134,Specificity_I_00083, 1, 2.3e-24, 0.495, 0.353 | PDLC03156,Specificity_I_00105, 1, 7.3e-09, 0.661, 0.489 | PDLC03156,Specificity_I_00105, 2, 1.4e-22, 0.495, 0.354 | PDLC03019,MTase_I_00002, 1, 0.063, 0.224, 0.079 | PDLC03113,Specificity_I_00062, 1, 180, 0.157, 0.114 | PDLC03113,Specificity_I_00062, 2, 1.9e-11, 0.272, 0.175 | PDLC03113,Specificity_I_00062, 3, 1.4e-11, 0.236, 0.178 | PDLC03144,Specificity_I_00093, 1, 0.0011, 0.364, 0.273 | PDLC03144,Specificity_I_00093, 2, 15, 0.157, 0.593 | PDLC03168,Specificity_I_00117, 1, 0.00092, 0.543, 0.357 | PDLC03168,Specificity_I_00117, 2, 0.0054, 0.23, 0.155 | PDLC03077,Specificity_I_00026, 1, 5, 0.278, 0.185 | PDLC03077,Specificity_I_00026, 2, 0.00062, 0.227, 0.173 | PDLC03172,Specificity_I_00121, 1, 0.033, 0.185, 0.118 | PDLC03091,Specificity_I_00040, 1, 5.2e-07, 0.275, 0.186 | PDLC03084,Specificity_I_00033, 1, 1.9, 0.444, 0.357 | PDLC03084,Specificity_I_00033, 2, 0.014, 0.173, 0.138 | PDLC03105,Specificity_I_00054, 1, 0.00048, 0.444, 0.292 | PDLC03105,Specificity_I_00054, 2, 0.11, 0.236, 0.167 | PDLC03101,Specificity_I_00050, 1, 1.9e-16, 0.636, 0.479 | PDLC03101,Specificity_I_00050, 2, 6.8e-06, 0.227, 0.178 | PDLC03087,Specificity_I_00036, 1, 3.5e-37, 0.645, 0.476 | PDLC03087,Specificity_I_00036, 2, 0.034, 0.169, 0.124 | PDLC03178,Specificity_I_00127, 1, 3.4e-76, 0.974, 0.708 | PDLC03072,Specificity_I_00021, 1, 0.00043, 0.594, 0.406 | PDLC03072,Specificity_I_00021, 2, 2.7, 0.227, 0.163 | PDLC03193,Specificity_I_00142, 1, 110, 0.099, 0.079 | PDLC03193,Specificity_I_00142, 2, 8.7e-12, 0.208, 0.169","PDLC03178, Specificity_I_00127, 3.4e-76, 0.974, 0.708 | PDLC03146, Specificity_I_00095, 1.8e-48, 0.786, 0.557 | PDLC03124, Specificity_I_00073, 6.1e-40, 0.942, 0.697 | PDLC03087, Specificity_I_00036, 3.5e-37, 0.645, 0.476 | PDLC03165, Specificity_I_00114, 8.9e-31, 0.965, 0.706"
7,JAYIWO010000007.1,PrrC,JAYIWO010000007.1_51,PDLC02360,PrrC,PrrC,1.2999999999999998e-125,1.4999999999999997e-125,0.946,0.882,59282,60448,+,-,51,110,"PDLC02360,PrrC, 1, 1.5e-125, 0.946, 0.882","PDLC02360, PrrC, 1.5e-125, 0.946, 0.882"
6,JAYIWO010000007.1,PDC-S05,JAYIWO010000007.1_52,PDLC04852,PDC-S05_WP_110807286.1,PDC-S05,2.0999999999999993e-148,2.2999999999999993e-148,0.976,0.951,60445,61455,+,-,52,110,"PDLC04875,PDC-S05_WP_187536628.1, 1, 1.6e-10, 0.181, 0.496 | PDLC04875,PDC-S05_WP_187536628.1, 2, 430, 0.08, 0.228 | PDLC04882,PDC-S05_WP_200471277.1, 1, 0.00046, 0.08, 0.338 | PDLC04843,PDC-S05_WP_181573034.1, 1, 1.1e-102, 0.905, 0.912 | PDLC04877,PDC-S05_WP_126307469.1, 1, 2.3e-19, 0.175, 0.72 | PDLC04877,PDC-S05_WP_126307469.1, 2, 200, 0.08, 0.317 | PDLC04850,PDC-S05_WP_191092432.1, 1, 3.7e-07, 0.181, 0.686 | PDLC04850,PDC-S05_WP_191092432.1, 2, 3100, 0.027, 0.105 | PDLC04864,PDC-S05_WP_222427554.1, 1, 6.7e-102, 0.804, 0.971 | PDLC04873,PDC-S05_WP_017455060.1, 1, 2e-40, 0.338, 0.957 | PDLC04873,PDC-S05_WP_017455060.1, 2, 1600, 0.071, 0.198 | PDLC04884,PDC-S05_WP_026981758.1, 1, 5.3e-25, 0.223, 0.882 | PDLC04884,PDC-S05_WP_026981758.1, 2, 1800, 0.053, 0.2 | PDLC04846,PDC-S05_WP_093514383.1, 1, 0.0083, 0.053, 0.269 | PDLC04844,PDC-S05_WP_008569830.1, 1, 5.6e-25, 0.255, 0.555 | PDLC04871,PDC-S05_WP_231564492.1, 1, 1.5e-98, 0.893, 0.654 | PDLC04870,PDC-S05_WP_135110477.1, 1, 4.6e-81, 0.593, 0.925 | PDLC04863,PDC-S05_WP_104509157.1, 1, 6.7e-06, 0.092, 0.456 | PDLC04872,PDC-S05_WP_106707341.1, 1, 1.3e-53, 0.389, 0.862 | PDLC04851,PDC-S05_WP_020395932.1, 1, 4.9e-126, 0.944, 0.936 | PDLC04883,PDC-S05_WP_220413105.1, 1, 5.2e-20, 0.208, 0.805 | PDLC04868,PDC-S05_WP_205747975.1, 1, 1.3e-108, 0.914, 0.934 | PDLC04845,PDC-S05_WP_210384770.1, 1, 1.7e-21, 0.356, 0.639 | PDLC04845,PDC-S05_WP_210384770.1, 2, 25, 0.113, 0.194 | PDLC04874,PDC-S05_WP_205904899.1, 1, 2.5e-32, 0.353, 0.703 | PDLC04874,PDC-S05_WP_205904899.1, 2, 680, 0.059, 0.121 | PDLC04854,PDC-S05_WP_190995815.1, 1, 5.7e-55, 0.496, 0.774 | PDLC04865,PDC-S05_WP_206196814.1, 1, 1.3e-21, 0.237, 0.879 | PDLC04880,PDC-S05_WP_050949286.1, 1, 3.8e-15, 0.154, 0.945 | PDLC04880,PDC-S05_WP_050949286.1, 2, 1400, 0.024, 0.145 | PDLC04861,PDC-S05_WP_205729986.1, 1, 4e-28, 0.22, 0.892 | PDLC04853,PDC-S05_WP_228444512.1, 1, 5e-134, 0.973, 0.961 | PDLC04855,PDC-S05_WP_179358254.1, 1, 6.1e-11, 0.163, 0.646 | PDLC04879,PDC-S05_WP_091962608.1, 1, 1.3e-44, 0.374, 0.432 | PDLC04885,PDC-S05_WP_002697025.1, 1, 7.7e-33, 0.282, 0.864 | PDLC04867,PDC-S05_WP_204355478.1, 1, 7e-23, 0.226, 0.817 | PDLC04867,PDC-S05_WP_204355478.1, 2, 730, 0.077, 0.269 | PDLC04858,PDC-S05_WP_065233724.1, 1, 9.3e-47, 0.377, 0.899 | PDLC04847,PDC-S05_WP_224134658.1, 1, 7.9e-22, 0.24, 0.779 | PDLC04881,PDC-S05_WP_108603569.1, 1, 6.2e-28, 0.217, 0.89 | PDLC04860,PDC-S05_WP_055170183.1, 1, 6.2e-14, 0.187, 0.447 | PDLC04848,PDC-S05_WP_138764285.1, 1, 1.6e-37, 0.409, 0.474 | PDLC04852,PDC-S05_WP_110807286.1, 1, 2.3e-148, 0.976, 0.951 | PDLC04859,PDC-S05_WP_215891945.1, 1, 3.2e-26, 0.217, 0.695 | PDLC04876,PDC-S05_WP_205197604.1, 1, 2.5e-69, 0.478, 0.931 | PDLC04857,PDC-S05_WP_200872712.1, 1, 1.2e-11, 0.199, 0.366 | PDLC04857,PDC-S05_WP_200872712.1, 2, 410, 0.098, 0.169","PDLC04852, PDC-S05_WP_110807286.1, 2.3e-148, 0.976, 0.951 | PDLC04853, PDC-S05_WP_228444512.1, 5e-134, 0.973, 0.961 | PDLC04851, PDC-S05_WP_020395932.1, 4.9e-126, 0.944, 0.936 | PDLC04868, PDC-S05_WP_205747975.1, 1.3e-108, 0.914, 0.934 | PDLC04843, PDC-S05_WP_181573034.1, 1.1e-102, 0.905, 0.912"
8,JAYIWO010000007.1,RM_type_I,JAYIWO010000007.1_53,PDLC03022,MTase_I_00005,MTase_I,2.0999999999999995e-158,2.899999999999999e-158,0.928,0.565,61452,63068,+,-,53,110,"PDLC03028,MTase_I_00011, 1, 1.6e-55, 0.98, 0.409 | PDLC03031,MTase_I_00014, 1, 3.8e-91, 0.933, 0.59 | PDLC03021,MTase_I_00004, 1, 9.6e-53, 0.809, 0.817 | PDLC03020,MTase_I_00003, 1, 1e-74, 0.751, 0.946 | PDLC03038,MTase_I_00021, 1, 1.1e-65, 0.954, 0.527 | PDLC03029,MTase_I_00012, 1, 0.00051, 0.08, 0.065 | PDLC03029,MTase_I_00012, 2, 2.9e-45, 0.601, 0.51 | PDLC03027,MTase_I_00010, 1, 7.1e-10, 0.08, 0.053 | PDLC03027,MTase_I_00010, 2, 7.9e-102, 0.66, 0.428 | PDLC03037,MTase_I_00020, 1, 4.1e-15, 0.373, 0.25 | PDLC03018,MTase_I_00001, 1, 0.27, 0.169, 0.104 | PDLC03018,MTase_I_00001, 2, 0.00017, 0.156, 0.1 | PDLC03018,MTase_I_00001, 3, 0.029, 0.237, 0.176 | PDLC03039,MTase_I_00022, 1, 2e-58, 0.915, 0.637 | PDLC03036,MTase_I_00019, 1, 3.2e-14, 0.49, 0.403 | PDLC03035,MTase_I_00018, 1, 4.2e-42, 0.842, 0.642 | PDLC03035,MTase_I_00018, 2, 0.56, 0.05, 0.041 | PDLC03022,MTase_I_00005, 1, 2.9e-158, 0.928, 0.565 | PDLC03026,MTase_I_00009, 1, 38, 0.074, 0.084 | PDLC03026,MTase_I_00009, 2, 1.1e-42, 0.672, 0.754 | PDLC03033,MTase_I_00016, 1, 1.3e-45, 0.957, 0.945 | PDLC03025,MTase_I_00008, 1, 2.9e-31, 0.508, 0.459 | PDLC03034,MTase_I_00017, 1, 2.5, 0.126, 0.082 | PDLC03034,MTase_I_00017, 2, 1.5e-10, 0.288, 0.234 | PDLC03019,MTase_I_00002, 1, 1.2e-06, 0.072, 0.042 | PDLC03019,MTase_I_00002, 2, 1.8e-41, 0.62, 0.357 | PDLC03024,MTase_I_00007, 1, 75, 0.061, 0.049 | PDLC03024,MTase_I_00007, 2, 5.5, 0.093, 0.065 | PDLC03024,MTase_I_00007, 3, 2.2, 0.058, 0.049 | PDLC03030,MTase_I_00013, 1, 0.0085, 0.122, 0.099 | PDLC03030,MTase_I_00013, 2, 0.0017, 0.243, 0.2 | PDLC03032,MTase_I_00015, 1, 5e-07, 0.076, 0.041 | PDLC03032,MTase_I_00015, 2, 3.6e-76, 0.668, 0.354","PDLC03022, MTase_I_00005, 2.9e-158, 0.928, 0.565 | PDLC03027, MTase_I_00010, 7.9e-102, 0.66, 0.428 | PDLC03031, MTase_I_00014, 3.8e-91, 0.933, 0.59 | PDLC03032, MTase_I_00015, 3.6e-76, 0.668, 0.354 | PDLC03020, MTase_I_00003, 1e-74, 0.751, 0.946"
9,JAYIWO010000011.1,HEC-01,JAYIWO010000011.1_79,PDLC04205,HEC-01B_WP_210225848.1,HEC-01B,4.9e-97,5.8e-97,0.946,0.986,90899,91564,-,-,79,89,"PDLC04191,HEC-01B_WP_108373334.1, 1, 0.00022, 0.257, 0.266 | PDLC04197,HEC-01B_WP_138974980.1, 1, 6.3e-05, 0.333, 0.365 | PDLC04196,HEC-01B_WP_026409402.1, 1, 3.1e-05, 0.252, 0.284 | PDLC04196,HEC-01B_WP_026409402.1, 2, 93, 0.108, 0.132 | PDLC04205,HEC-01B_WP_210225848.1, 1, 5.8e-97, 0.946, 0.986 | PDLC04203,HEC-01B_WP_080599585.1, 1, 6.7e-23, 0.748, 0.932 | PDLC04194,HEC-01B_WP_026975055.1, 1, 1.9, 0.243, 0.25 | PDLC04194,HEC-01B_WP_026975055.1, 2, 1.1e-07, 0.302, 0.314 | PDLC04193,HEC-01B_WP_201788763.1, 1, 1.6e-06, 0.23, 0.246 | PDLC04204,HEC-01B_WP_117543580.1, 1, 2.4e-24, 0.721, 0.937 | PDLC04143,HEC-01A_WP_207689501.1, 1, 380, 0.09, 0.105 | PDLC04143,HEC-01A_WP_207689501.1, 2, 2.1e-07, 0.356, 0.405 | PDLC04143,HEC-01A_WP_207689501.1, 3, 0.35, 0.135, 0.158 | PDLC04207,HEC-01B_WP_093457186.1, 1, 0.066, 0.216, 0.246 | PDLC04202,HEC-01B_WP_170163002.1, 1, 9.7e-35, 0.959, 0.985 | PDLC04200,HEC-01B_WP_203408937.1, 1, 0.086, 0.257, 0.284 | PDLC04200,HEC-01B_WP_203408937.1, 2, 2.2, 0.117, 0.133 | PDLC04206,HEC-01B_WP_118569729.1, 1, 2.3e-56, 0.955, 0.982","PDLC04205, HEC-01B_WP_210225848.1, 5.8e-97, 0.946, 0.986 | PDLC04206, HEC-01B_WP_118569729.1, 2.3e-56, 0.955, 0.982 | PDLC04202, HEC-01B_WP_170163002.1, 9.7e-35, 0.959, 0.985 | PDLC04204, HEC-01B_WP_117543580.1, 2.4e-24, 0.721, 0.937 | PDLC04203, HEC-01B_WP_080599585.1, 6.7e-23, 0.748, 0.932"
9,JAYIWO010000011.1,HEC-01,JAYIWO010000011.1_80,PDLC04182,HEC-01A_WP_105482478.1,HEC-01A,2.599999999999999e-192,2.8999999999999986e-192,0.993,0.988,91567,92799,-,-,80,89,"PDLC04180,HEC-01A_WP_062996032.1, 1, 9.4e-30, 0.888, 0.89 | PDLC04175,HEC-01A_WP_211640766.1, 1, 1.7e-32, 0.915, 0.923 | PDLC04182,HEC-01A_WP_105482478.1, 1, 2.9e-192, 0.993, 0.988 | PDLC04179,HEC-01A_WP_123852116.1, 1, 0.00046, 0.117, 0.1 | PDLC04179,HEC-01A_WP_123852116.1, 2, 3.8e-16, 0.397, 0.351 | PDLC04184,HEC-01A_WP_097318232.1, 1, 8.8e-09, 0.109, 0.095 | PDLC04184,HEC-01A_WP_097318232.1, 2, 2.9e-25, 0.484, 0.457 | PDLC04174,HEC-01A_WP_202806903.1, 1, 1.5e-14, 0.448, 0.686 | PDLC04181,HEC-01A_WP_034574200.1, 1, 1.6e-11, 0.248, 0.235 | PDLC04181,HEC-01A_WP_034574200.1, 2, 6.7e-11, 0.37, 0.302 | PDLC04181,HEC-01A_WP_034574200.1, 3, 9.1, 0.08, 0.074 | PDLC04183,HEC-01A_WP_193205907.1, 1, 9.2e-40, 0.976, 0.973 | PDLC04177,HEC-01A_WP_199302758.1, 1, 3.5e-33, 0.903, 0.913 | PDLC04176,HEC-01A_WP_157306701.1, 1, 2.5e-33, 0.92, 0.919 | PDLC04178,HEC-01A_WP_002628442.1, 1, 2.2e-40, 0.82, 0.789 | PDLC04144,HEC-01B_WP_231583829.1, 1, 3.2e-97, 0.978, 0.975","PDLC04182, HEC-01A_WP_105482478.1, 2.9e-192, 0.993, 0.988 | PDLC04144, HEC-01B_WP_231583829.1, 3.2e-97, 0.978, 0.975 | PDLC04178, HEC-01A_WP_002628442.1, 2.2e-40, 0.82, 0.789 | PDLC04183, HEC-01A_WP_193205907.1, 9.2e-40, 0.976, 0.973 | PDLC04176, HEC-01A_WP_157306701.1, 2.5e-33, 0.92, 0.919"
10,JAYIWO010000015.1,PDC-S08,JAYIWO010000015.1_34,PDLC04900,PDC-S08_WP_202707215.1,PDC-S08,1.1999999999999997e-127,1.8999999999999996e-127,0.981,0.935,36626,37591,+,-,34,84,"PDLC04900,PDC-S08_WP_202707215.1, 1, 1.9e-127, 0.981, 0.935","PDLC04900, PDC-S08_WP_202707215.1, 1.9e-127, 0.981, 0.935"
11,JAYIWO010000015.1,PDC-S55,JAYIWO010000015.1_36,PDLC05037,PDC-S55_WP_162277864.1,PDC-S55,9.6e-36,1.1999999999999999e-35,0.932,0.984,38368,38940,-,-,36,84,"PDLC05037,PDC-S55_WP_162277864.1, 1, 1.2e-35, 0.932, 0.984","PDLC05037, PDC-S55_WP_162277864.1, 1.2e-35, 0.932, 0.984"
12,JAYIWO010000020.1,zorya_type_III,JAYIWO010000020.1_17,PDLC00652,ZorF3_00001,ZorF3,7.899999999999999e-69,9.199999999999998e-69,0.979,0.876,16944,17657,-,-,17,73,"PDLC00653,ZorF3_00002, 1, 1.8e-18, 0.492, 0.413 | PDLC00653,ZorF3_00002, 2, 4.7e-32, 0.63, 0.559 | PDLC00652,ZorF3_00001, 1, 9.2e-69, 0.979, 0.876 | PDLC00655,ZorF3_00004, 1, 1.3e-46, 0.95, 0.929 | PDLC00654,ZorF3_00003, 1, 2.8e-43, 0.55, 0.812","PDLC00652, ZorF3_00001, 9.2e-69, 0.979, 0.876 | PDLC00655, ZorF3_00004, 1.3e-46, 0.95, 0.929 | PDLC00654, ZorF3_00003, 2.8e-43, 0.55, 0.812 | PDLC00653, ZorF3_00002, 4.7e-32, 0.63, 0.559"
12,JAYIWO010000020.1,zorya_type_III,JAYIWO010000020.1_18,PDLC00651,ZorB3_00001,ZorB3,1.1999999999999998e-116,1.3999999999999997e-116,0.968,0.977,17654,18304,-,-,18,73,"PDLC00651,ZorB3_00001, 1, 1.4e-116, 0.968, 0.977","PDLC00651, ZorB3_00001, 1.4e-116, 0.968, 0.977"
12,JAYIWO010000020.1,zorya_type_III,JAYIWO010000020.1_19,PDLC00647,ZorA3_00001,ZorA3,0,1.8999999999999994e-176,0.406,0.467,18301,20991,-,-,19,73,"PDLC00650,ZorA3_00004, 1, 6.7e-169, 0.404, 0.341 | PDLC00650,ZorA3_00004, 2, 2.4e-11, 0.078, 0.066 | PDLC00650,ZorA3_00004, 3, 1.8e-10, 0.078, 0.066 | PDLC00650,ZorA3_00004, 4, 3.3e-36, 0.159, 0.135 | PDLC00650,ZorA3_00004, 5, 6.4e-124, 0.305, 0.257 | PDLC00647,ZorA3_00001, 1, 1.9e-176, 0.406, 0.467 | PDLC00647,ZorA3_00001, 2, 8.1e-11, 0.078, 0.09 | PDLC00647,ZorA3_00001, 3, 8.2e-11, 0.078, 0.09 | PDLC00647,ZorA3_00001, 4, 6.4e-28, 0.158, 0.182 | PDLC00647,ZorA3_00001, 5, 4.6e-118, 0.313, 0.36 | PDLC00648,ZorA3_00002, 1, 2e-154, 0.399, 0.516 | PDLC00648,ZorA3_00002, 2, 3.8e-08, 0.071, 0.092 | PDLC00648,ZorA3_00002, 3, 3.5e-07, 0.089, 0.116 | PDLC00648,ZorA3_00002, 4, 4.1e-122, 0.453, 0.581 | PDLC00649,ZorA3_00003, 1, 7.9e-174, 0.404, 0.519 | PDLC00649,ZorA3_00003, 2, 3.1e-13, 0.077, 0.099 | PDLC00649,ZorA3_00003, 3, 4.1e-11, 0.079, 0.102 | PDLC00649,ZorA3_00003, 4, 3.5e-149, 0.445, 0.572","PDLC00647, ZorA3_00001, 1.9e-176, 0.406, 0.467 | PDLC00649, ZorA3_00003, 7.9e-174, 0.404, 0.519 | PDLC00650, ZorA3_00004, 6.7e-169, 0.404, 0.341 | PDLC00648, ZorA3_00002, 2e-154, 0.399, 0.516"
12,JAYIWO010000020.1,zorya_type_III,JAYIWO010000020.1_20,PDLC00658,ZorG3_00003,ZorG3,9.999999999999997e-88,1.0999999999999997e-87,0.988,0.9,20969,21703,-,-,20,73,"PDLC00657,ZorG3_00002, 1, 2.2e-29, 0.971, 0.948 | PDLC00658,ZorG3_00003, 1, 1.1e-87, 0.988, 0.9 | PDLC00656,ZorG3_00001, 1, 2.9e-54, 0.8, 0.694 | PDLC00656,ZorG3_00001, 2, 1.4e-15, 0.18, 0.155","PDLC00658, ZorG3_00003, 1.1e-87, 0.988, 0.9 | PDLC00656, ZorG3_00001, 2.9e-54, 0.8, 0.694 | PDLC00657, ZorG3_00002, 2.2e-29, 0.971, 0.948"
13,JAYIWO010000023.1,gabija,JAYIWO010000023.1_36,PDLC00108,GajB_00006,GajB,2.999999999999999e-282,3.4999999999999985e-282,0.734,0.998,38454,40268,-,-,36,69,"PDLC00134,GajB_00032, 1, 3.6e-14, 0.438, 0.608 | PDLC00111,GajB_00009, 1, 3.3e-07, 0.114, 0.109 | PDLC00111,GajB_00009, 2, 6.7e-07, 0.179, 0.17 | PDLC00111,GajB_00009, 3, 2.2, 0.031, 0.03 | PDLC00129,GajB_00027, 1, 2e-09, 0.131, 0.135 | PDLC00129,GajB_00027, 2, 2.3e-21, 0.193, 0.199 | PDLC00129,GajB_00027, 3, 0.0011, 0.102, 0.109 | PDLC00124,GajB_00022, 1, 0.097, 0.121, 0.102 | PDLC00124,GajB_00022, 2, 0.00018, 0.121, 0.102 | PDLC00148,GajB_00046, 1, 2.9e-06, 0.129, 0.195 | PDLC00148,GajB_00046, 2, 0.07, 0.074, 0.119 | PDLC00148,GajB_00046, 3, 0.18, 0.099, 0.163 | PDLC00145,GajB_00043, 1, 45, 0.053, 0.054 | PDLC00145,GajB_00043, 2, 2e-16, 0.164, 0.171 | PDLC00145,GajB_00043, 3, 110, 0.091, 0.091 | PDLC00114,GajB_00012, 1, 7.3e-36, 0.448, 0.439 | PDLC00114,GajB_00012, 2, 3.3e-09, 0.139, 0.134 | PDLC00130,GajB_00028, 1, 2.2e-57, 0.927, 0.968 | PDLC00136,GajB_00034, 1, 1.8e-25, 0.45, 0.479 | PDLC00136,GajB_00034, 2, 0.0027, 0.175, 0.191 | PDLC00132,GajB_00030, 1, 1.1e-35, 0.441, 0.446 | PDLC00132,GajB_00030, 2, 3e-11, 0.106, 0.104 | PDLC04173,GajB_WP_172889455.1, 1, 1.9, 0.127, 0.151 | PDLC04173,GajB_WP_172889455.1, 2, 3.1e-06, 0.093, 0.115 | PDLC04173,GajB_WP_172889455.1, 3, 43, 0.028, 0.036 | PDLC00103,GajB_00001, 1, 7.2e-20, 0.554, 0.542 | PDLC00103,GajB_00001, 2, 1.9e-08, 0.101, 0.095 | PDLC00131,GajB_00029, 1, 0.00024, 0.127, 0.122 | PDLC00131,GajB_00029, 2, 8.6e-09, 0.149, 0.138 | PDLC00131,GajB_00029, 3, 29, 0.035, 0.032 | PDLC00121,GajB_00019, 1, 2.2e-21, 0.435, 0.455 | PDLC00121,GajB_00019, 2, 9.8e-08, 0.134, 0.147 | PDLC00137,GajB_00035, 1, 0.002, 0.109, 0.096 | PDLC00137,GajB_00035, 2, 0.19, 0.074, 0.066 | PDLC00137,GajB_00035, 3, 0.93, 0.086, 0.093 | PDLC00122,GajB_00020, 1, 5.1e-10, 0.136, 0.153 | PDLC00122,GajB_00020, 2, 4.9e-15, 0.145, 0.177 | PDLC00122,GajB_00020, 3, 8e-04, 0.093, 0.094 | PDLC00107,GajB_00005, 1, 2.2e-23, 0.438, 0.451 | PDLC00107,GajB_00005, 2, 0.00015, 0.101, 0.135 | PDLC00146,GajB_00044, 1, 0.002, 0.121, 0.113 | PDLC00146,GajB_00044, 2, 3.3e-08, 0.147, 0.137 | PDLC00146,GajB_00044, 3, 140, 0.031, 0.029 | PDLC00141,GajB_00039, 1, 0.00019, 0.14, 0.15 | PDLC00141,GajB_00039, 2, 7e-08, 0.172, 0.175 | PDLC00141,GajB_00039, 3, 4.7e-07, 0.101, 0.108 | PDLC00118,GajB_00016, 1, 1.1e-24, 0.431, 0.433 | PDLC00118,GajB_00016, 2, 16, 0.083, 0.107 | PDLC00149,GajB_00047, 1, 6.4e-17, 0.44, 0.463 | PDLC00149,GajB_00047, 2, 5.3, 0.081, 0.092 | PDLC00105,GajB_00003, 1, 7.5e-19, 0.377, 0.357 | PDLC04171,GajB_WP_046787950.1, 1, 0.0024, 0.114, 0.163 | PDLC00133,GajB_00031, 1, 2.6e-25, 0.453, 0.707 | PDLC00120,GajB_00018, 1, 1.4e-06, 0.129, 0.168 | PDLC00120,GajB_00018, 2, 0.039, 0.081, 0.105 | PDLC00120,GajB_00018, 3, 0.69, 0.091, 0.12 | PDLC04172,GajB_WP_158867534.1, 1, 280, 0.136, 0.149 | PDLC04172,GajB_WP_158867534.1, 2, 0.013, 0.083, 0.095 | PDLC00108,GajB_00006, 1, 3.5e-282, 0.734, 0.998 | PDLC00144,GajB_00042, 1, 0.027, 0.131, 0.147 | PDLC00144,GajB_00042, 2, 9.1e-07, 0.164, 0.177 | PDLC00144,GajB_00042, 3, 9.9e-05, 0.093, 0.089 | PDLC00139,GajB_00037, 1, 6.4e-12, 0.38, 0.368 | PDLC00139,GajB_00037, 2, 37, 0.127, 0.121 | PDLC00142,GajB_00040, 1, 0.00029, 0.117, 0.123 | PDLC00142,GajB_00040, 2, 2.5e-14, 0.144, 0.148 | PDLC00142,GajB_00040, 3, 0.66, 0.131, 0.141 | PDLC00115,GajB_00013, 1, 0.0031, 0.124, 0.143 | PDLC00115,GajB_00013, 2, 0.5, 0.093, 0.119 | PDLC00113,GajB_00011, 1, 3.7e-06, 0.117, 0.121 | PDLC00113,GajB_00011, 2, 1.7e-07, 0.177, 0.174 | PDLC00113,GajB_00011, 3, 0.61, 0.089, 0.116 | PDLC00109,GajB_00007, 1, 4.8e-12, 0.43, 0.368 | PDLC00109,GajB_00007, 2, 2.3, 0.03, 0.028 | PDLC00112,GajB_00010, 1, 5.4e-27, 0.451, 0.48 | PDLC00112,GajB_00010, 2, 0.0012, 0.083, 0.093 | PDLC00106,GajB_00004, 1, 6.2e-23, 0.438, 0.461 | PDLC00106,GajB_00004, 2, 38, 0.088, 0.087 | PDLC00147,GajB_00045, 1, 4.5e-24, 0.388, 0.377 | PDLC00147,GajB_00045, 2, 200, 0.112, 0.105 | PDLC00125,GajB_00023, 1, 0.0023, 0.111, 0.087 | PDLC00125,GajB_00023, 2, 0.0048, 0.111, 0.102 | PDLC00125,GajB_00023, 3, 120, 0.038, 0.036 | PDLC00117,GajB_00015, 1, 1.8e-233, 0.985, 0.993 | PDLC00128,GajB_00026, 1, 0.00056, 0.081, 0.077 | PDLC00128,GajB_00026, 2, 9.1e-05, 0.175, 0.156 | PDLC00128,GajB_00026, 3, 0.0043, 0.098, 0.109 | PDLC00143,GajB_00041, 1, 4.7e-07, 0.112, 0.106 | PDLC00143,GajB_00041, 2, 6.7e-06, 0.179, 0.165 | PDLC00143,GajB_00041, 3, 2.8, 0.033, 0.032 | PDLC00123,GajB_00021, 1, 2e-15, 0.149, 0.163 | PDLC00123,GajB_00021, 2, 2.5e-20, 0.304, 0.331 | PDLC00123,GajB_00021, 3, 2.1e-08, 0.101, 0.126 | PDLC00135,GajB_00033, 1, 1.2e-08, 0.112, 0.1 | PDLC00135,GajB_00033, 2, 3.6e-07, 0.18, 0.179 | PDLC00135,GajB_00033, 3, 110, 0.098, 0.104 | PDLC00135,GajB_00033, 4, 0.0037, 0.093, 0.106 | PDLC00140,GajB_00038, 1, 1.8e-06, 0.129, 0.2 | PDLC00140,GajB_00038, 2, 4.8, 0.068, 0.11 | PDLC00140,GajB_00038, 3, 3.4, 0.109, 0.17 | PDLC00126,GajB_00024, 1, 1.1e-10, 0.122, 0.124 | PDLC00126,GajB_00024, 2, 0.0046, 0.137, 0.137 | PDLC00138,GajB_00036, 1, 9.9e-10, 0.14, 0.153 | PDLC00138,GajB_00036, 2, 1.1e-11, 0.185, 0.193 | PDLC00138,GajB_00036, 3, 66, 0.079, 0.091 | PDLC00110,GajB_00008, 1, 0.00075, 0.122, 0.101 | PDLC00110,GajB_00008, 2, 1.5e-09, 0.185, 0.164 | PDLC00110,GajB_00008, 3, 0.041, 0.073, 0.061 | PDLC00119,GajB_00017, 1, 4.9e-11, 0.132, 0.138 | PDLC00119,GajB_00017, 2, 1.1e-18, 0.188, 0.198 | PDLC00119,GajB_00017, 3, 0.00015, 0.089, 0.096 | PDLC00116,GajB_00014, 1, 0.0082, 0.089, 0.099 | PDLC00116,GajB_00014, 2, 3.3e-06, 0.169, 0.183 | PDLC00116,GajB_00014, 3, 2.5e-05, 0.102, 0.106 | PDLC00127,GajB_00025, 1, 1.5e-43, 0.455, 0.46 | PDLC00127,GajB_00025, 2, 8.6e-10, 0.093, 0.098 | PDLC00104,GajB_00002, 1, 4.7e-24, 0.45, 0.409 | PDLC00104,GajB_00002, 2, 5.3e-08, 0.096, 0.103","PDLC00108, GajB_00006, 3.5e-282, 0.734, 0.998 | PDLC00117, GajB_00015, 1.8e-233, 0.985, 0.993 | PDLC00130, GajB_00028, 2.2e-57, 0.927, 0.968 | PDLC00127, GajB_00025, 1.5e-43, 0.455, 0.46 | PDLC00114, GajB_00012, 7.3e-36, 0.448, 0.439"
13,JAYIWO010000023.1,gabija,JAYIWO010000023.1_37,PDLC00070,GajA_00010,GajA,6.199999999999997e-235,6.899999999999996e-235,0.995,0.997,40255,42042,-,-,37,69,"PDLC00096,GajA_00036, 1, 7.7e-76, 0.992, 0.973 | PDLC00083,GajA_00023, 1, 4.2e-50, 0.767, 0.74 | PDLC00082,GajA_00022, 1, 0.22, 0.081, 0.071 | PDLC00082,GajA_00022, 2, 1.3e-19, 0.329, 0.277 | PDLC00072,GajA_00012, 1, 1.2e-10, 0.193, 0.165 | PDLC00072,GajA_00012, 2, 3.7e-61, 0.725, 0.604 | PDLC00081,GajA_00021, 1, 1.2e-23, 0.768, 0.758 | PDLC00093,GajA_00033, 1, 0.091, 0.079, 0.065 | PDLC00093,GajA_00033, 2, 1.3e-27, 0.331, 0.284 | PDLC00093,GajA_00033, 3, 3.6, 0.081, 0.068 | PDLC00071,GajA_00011, 1, 1.5e-81, 0.99, 0.988 | PDLC00091,GajA_00031, 1, 4.1e-63, 0.988, 0.986 | PDLC00076,GajA_00016, 1, 3.7, 0.076, 0.067 | PDLC00076,GajA_00016, 2, 1.9e-17, 0.324, 0.267 | PDLC00069,GajA_00009, 1, 1e-13, 0.195, 0.175 | PDLC00069,GajA_00009, 2, 6.8e-42, 0.565, 0.524 | PDLC00069,GajA_00009, 3, 15, 0.087, 0.09 | PDLC00073,GajA_00013, 1, 4.8e-66, 0.988, 0.993 | PDLC00064,GajA_00004, 1, 2.8e-77, 0.721, 0.978 | PDLC00090,GajA_00030, 1, 2.8e-30, 0.767, 0.724 | PDLC00074,GajA_00014, 1, 2.3e-17, 0.282, 0.338 | PDLC00062,GajA_00002, 1, 0.00023, 0.077, 0.072 | PDLC00062,GajA_00002, 2, 7.3e-06, 0.131, 0.111 | PDLC00062,GajA_00002, 3, 6.3e-13, 0.146, 0.135 | PDLC00079,GajA_00019, 1, 0.081, 0.077, 0.067 | PDLC00079,GajA_00019, 2, 4.6e-17, 0.203, 0.187 | PDLC00094,GajA_00034, 1, 0.0014, 0.087, 0.091 | PDLC00094,GajA_00034, 2, 5.9e-24, 0.525, 0.531 | PDLC00089,GajA_00029, 1, 2.4e-12, 0.213, 0.395 | PDLC04169,GajA_WP_153499988.1, 1, 5.6e-05, 0.418, 0.523 | PDLC00075,GajA_00015, 1, 5.7e-34, 0.768, 0.787 | PDLC00068,GajA_00008, 1, 2.2e-27, 0.327, 0.376 | PDLC00068,GajA_00008, 2, 410, 0.086, 0.097 | PDLC00063,GajA_00003, 1, 0.014, 0.102, 0.085 | PDLC00063,GajA_00003, 2, 3.1e-26, 0.327, 0.311 | PDLC00097,GajA_00037, 1, 1.6e-17, 0.765, 0.733 | PDLC00102,GajA_00042, 1, 1.5e-05, 0.104, 0.118 | PDLC00102,GajA_00042, 2, 2.6e-08, 0.502, 0.459 | PDLC00078,GajA_00018, 1, 1.6e-07, 0.077, 0.079 | PDLC00078,GajA_00018, 2, 4.4e-12, 0.317, 0.293 | PDLC00101,GajA_00041, 1, 3.8e-51, 0.757, 0.68 | PDLC00101,GajA_00041, 2, 11, 0.049, 0.051 | PDLC04168,GajA_WP_183617960.1, 1, 340, 0.079, 0.086 | PDLC04168,GajA_WP_183617960.1, 2, 280, 0.025, 0.026 | PDLC04168,GajA_WP_183617960.1, 3, 8.7e-08, 0.287, 0.279 | PDLC00092,GajA_00032, 1, 8.6e-68, 0.992, 0.997 | PDLC00098,GajA_00038, 1, 2.3e-05, 0.091, 0.103 | PDLC00098,GajA_00038, 2, 0.0014, 0.284, 0.287 | PDLC00066,GajA_00006, 1, 2.3e-54, 0.768, 0.765 | PDLC00077,GajA_00017, 1, 1e-07, 0.107, 0.109 | PDLC00077,GajA_00017, 2, 1.9e-46, 0.78, 0.726 | PDLC00067,GajA_00007, 1, 1.9e-07, 0.109, 0.101 | PDLC00067,GajA_00007, 2, 8.8e-34, 0.51, 0.49 | PDLC00070,GajA_00010, 1, 6.9e-235, 0.995, 0.997 | PDLC00061,GajA_00001, 1, 26, 0.076, 0.071 | PDLC00061,GajA_00001, 2, 180, 0.07, 0.061 | PDLC00061,GajA_00001, 3, 4.9e-13, 0.28, 0.247 | PDLC00095,GajA_00035, 1, 0.066, 0.077, 0.062 | PDLC00095,GajA_00035, 2, 6.1e-26, 0.326, 0.275 | PDLC00095,GajA_00035, 3, 0.41, 0.169, 0.141 | PDLC00065,GajA_00005, 1, 0.52, 0.077, 0.081 | PDLC00065,GajA_00005, 2, 4.3e-28, 0.329, 0.303 | PDLC00065,GajA_00005, 3, 370, 0.047, 0.049 | PDLC00080,GajA_00020, 1, 5.7e-55, 0.772, 0.732 | PDLC00085,GajA_00025, 1, 5.7e-06, 0.076, 0.079 | PDLC00085,GajA_00025, 2, 0.017, 0.035, 0.036 | PDLC00085,GajA_00025, 3, 6.8e-16, 0.215, 0.212 | PDLC00084,GajA_00024, 1, 2.4e-30, 0.448, 0.589 | PDLC00084,GajA_00024, 2, 890, 0.062, 0.084 | PDLC00088,GajA_00028, 1, 2.3e-26, 0.331, 0.567 | PDLC00100,GajA_00040, 1, 0.00066, 0.084, 0.081 | PDLC00100,GajA_00040, 2, 6.8e-14, 0.342, 0.331 | PDLC00100,GajA_00040, 3, 6.8e-12, 0.367, 0.354 | PDLC00099,GajA_00039, 1, 5.6e-57, 0.99, 0.986 | PDLC00086,GajA_00026, 1, 1.2e-05, 0.143, 0.145 | PDLC00086,GajA_00026, 2, 9.6e-10, 0.28, 0.26 | PDLC00086,GajA_00026, 3, 87, 0.077, 0.075 | PDLC00087,GajA_00027, 1, 1.9e-12, 0.121, 0.332","PDLC00070, GajA_00010, 6.9e-235, 0.995, 0.997 | PDLC00071, GajA_00011, 1.5e-81, 0.99, 0.988 | PDLC00064, GajA_00004, 2.8e-77, 0.721, 0.978 | PDLC00096, GajA_00036, 7.7e-76, 0.992, 0.973 | PDLC00092, GajA_00032, 8.6e-68, 0.992, 0.997"
14,JAYIWO010000036.1,DMS_other,JAYIWO010000036.1_8,PDLC02590,DrmC_00006,DrmC,2.7e-25,3e-25,0.899,0.909,5283,5549,-,-,8,44,"PDLC02590,DrmC_00006, 1, 3e-25, 0.899, 0.909","PDLC02590, DrmC_00006, 3e-25, 0.899, 0.909"
15,JAYIWO010000036.1,SoFic,JAYIWO010000036.1_9,PDLC03963,SoFic__SoFic,SoFic,6.599999999999999e-75,7.3999999999999995e-75,0.987,0.607,5615,6298,+,-,9,44,"PDLC03963,SoFic__SoFic, 1, 7.4e-75, 0.987, 0.607","PDLC03963, SoFic__SoFic, 7.4e-75, 0.987, 0.607"
14,JAYIWO010000036.1,DMS_other,JAYIWO010000036.1_10,PDLC03960,Shango__SngC,SngC,1.9e-44,2.8e-44,0.423,0.494,6520,9015,+,-,10,44,"PDLC02575,DrmA_00009, 1, 31, 0.085, 0.09 | PDLC02575,DrmA_00009, 2, 0.0026, 0.067, 0.066 | PDLC02870,DpdF_00016, 1, 0.002, 0.078, 0.114 | PDLC02870,DpdF_00016, 2, 1.4e-10, 0.174, 0.249 | PDLC02573,DrmA_00007, 1, 0.31, 0.058, 0.051 | PDLC02573,DrmA_00007, 2, 0.28, 0.054, 0.044 | PDLC02573,DrmA_00007, 3, 0.0062, 0.095, 0.079 | PDLC02863,DpdF_00009, 1, 0.00027, 0.078, 0.133 | PDLC02857,DpdF_00003, 1, 0.0069, 0.06, 0.053 | PDLC02857,DpdF_00003, 2, 1.9e-07, 0.101, 0.098 | PDLC02574,DrmA_00008, 1, 0.075, 0.077, 0.234 | PDLC02858,DpdF_00004, 1, 3.2, 0.108, 0.165 | PDLC02858,DpdF_00004, 2, 5.6e-05, 0.103, 0.177 | PDLC02859,DpdF_00005, 1, 1.4e-11, 0.416, 0.6 | PDLC02898,DpdJ_00006, 1, 25, 0.075, 0.128 | PDLC02898,DpdJ_00006, 2, 0.065, 0.058, 0.089 | PDLC02867,DpdF_00013, 1, 0.89, 0.144, 0.145 | PDLC02867,DpdF_00013, 2, 0.005, 0.097, 0.095 | PDLC02855,DpdF_00001, 1, 2e-04, 0.145, 0.15 | PDLC02855,DpdF_00001, 2, 7.7e-05, 0.094, 0.095 | PDLC02893,DpdJ_00001, 1, 24, 0.071, 0.075 | PDLC02893,DpdJ_00001, 2, 0.1, 0.058, 0.051 | PDLC02893,DpdJ_00001, 3, 0.032, 0.058, 0.055 | PDLC02501,BrxHI_00002, 1, 1.8e-30, 0.421, 0.363 | PDLC02501,BrxHI_00002, 1, 1.8e-30, 0.421, 0.363 | PDLC02872,DpdF_00018, 1, 0.00011, 0.15, 0.151 | PDLC02872,DpdF_00018, 2, 7.3e-07, 0.096, 0.099 | PDLC02865,DpdF_00011, 1, 3.3e-15, 0.422, 0.219 | PDLC02569,DrmA_00003, 1, 0.0029, 0.059, 0.053 | PDLC02569,DrmA_00003, 2, 7e-10, 0.276, 0.214 | PDLC02571,DrmA_00005, 1, 0.48, 0.085, 0.055 | PDLC02571,DrmA_00005, 2, 1.8e-05, 0.076, 0.049 | PDLC03960,Shango__SngC, 1, 2.8e-44, 0.423, 0.494 | PDLC02868,DpdF_00014, 1, 0.00074, 0.139, 0.106 | PDLC02868,DpdF_00014, 2, 0.00038, 0.069, 0.053 | PDLC02897,DpdJ_00005, 1, 1.5e-14, 0.397, 0.222 | PDLC02862,DpdF_00008, 1, 2.8e-08, 0.385, 0.393 | PDLC02503,BrxHI_00004, 1, 3.8e-46, 0.407, 0.463 | PDLC02503,BrxHI_00004, 1, 3.8e-46, 0.407, 0.463 | PDLC02860,DpdF_00006, 1, 4.8e-05, 0.083, 0.126 | PDLC02861,DpdF_00007, 1, 2.4e-05, 0.083, 0.106 | PDLC02861,DpdF_00007, 2, 7.7e-06, 0.141, 0.18 | PDLC02570,DrmA_00004, 1, 4.5e-05, 0.09, 0.105 | PDLC02570,DrmA_00004, 2, 1.7e-14, 0.275, 0.275 | PDLC02896,DpdJ_00004, 1, 0.65, 0.065, 0.041 | PDLC02896,DpdJ_00004, 2, 1.6e-06, 0.097, 0.055 | PDLC02896,DpdJ_00004, 3, 0.0015, 0.049, 0.028 | PDLC02864,DpdF_00010, 1, 7.8e-09, 0.089, 0.115 | PDLC02864,DpdF_00010, 2, 1.4e-06, 0.144, 0.187","PDLC02503, BrxHI_00004, 3.8e-46, 0.407, 0.463 | PDLC02503, BrxHI_00004, 3.8e-46, 0.407, 0.463 | PDLC03960, Shango__SngC, 2.8e-44, 0.423, 0.494 | PDLC02501, BrxHI_00002, 1.8e-30, 0.421, 0.363 | PDLC02501, BrxHI_00002, 1.8e-30, 0.421, 0.363"
16,JAYIWO010000042.1,wadjet_other,JAYIWO010000042.1_9,PDLC00518,JetC1_00016,JetC,0,0,0.821,0.99,11883,15899,-,-,9,40,"PDLC00514,JetC1_00012, 1, 1.2e-128, 0.8, 0.963 | PDLC00519,JetC1_00017, 1, 2.4e-51, 0.798, 0.979 | PDLC00511,JetC1_00009, 1, 1.6e-182, 0.792, 0.949 | PDLC00513,JetC1_00011, 1, 3.2e-06, 0.05, 0.058 | PDLC00513,JetC1_00011, 2, 4.3e-10, 0.603, 0.693 | PDLC00513,JetC1_00011, 3, 4300, 0.06, 0.068 | PDLC00510,JetC1_00008, 1, 0.59, 0.102, 0.113 | PDLC00510,JetC1_00008, 2, 0.88, 0.075, 0.09 | PDLC00510,JetC1_00008, 3, 0.0057, 0.031, 0.038 | PDLC00505,JetC1_00003, 1, 2.6e-20, 0.662, 0.787 | PDLC00505,JetC1_00003, 2, 0.0044, 0.025, 0.03 | PDLC00509,JetC1_00007, 1, 1.3e-85, 0.786, 0.945 | PDLC00503,JetC1_00001, 1, 1.5e-07, 0.093, 0.103 | PDLC00503,JetC1_00001, 2, 10, 0.062, 0.072 | PDLC00503,JetC1_00001, 3, 100, 0.229, 0.253 | PDLC00503,JetC1_00001, 4, 0.094, 0.049, 0.061 | PDLC00516,JetC1_00014, 1, 5.9e-05, 0.081, 0.087 | PDLC00516,JetC1_00014, 2, 30, 0.078, 0.091 | PDLC00516,JetC1_00014, 3, 81, 0.046, 0.056 | PDLC00516,JetC1_00014, 4, 89, 0.066, 0.077 | PDLC00512,JetC1_00010, 1, 1e-254, 0.815, 0.981 | PDLC00517,JetC1_00015, 1, 6.8e-195, 0.807, 0.976 | PDLC00518,JetC1_00016, 1, 0, 0.821, 0.99","PDLC00518, JetC1_00016, 0, 0.821, 0.99 | PDLC00512, JetC1_00010, 1e-254, 0.815, 0.981 | PDLC00517, JetC1_00015, 6.8e-195, 0.807, 0.976 | PDLC00511, JetC1_00009, 1.6e-182, 0.792, 0.949 | PDLC00514, JetC1_00012, 1.2e-128, 0.8, 0.963"
16,JAYIWO010000042.1,wadjet_other,JAYIWO010000042.1_11,PDLC00501,JetB1_00034,JetB,2.7999999999999994e-110,3.0999999999999995e-110,0.992,0.957,17028,17735,-,-,11,40,"PDLC00480,JetB1_00013, 1, 4.6e-10, 0.792, 0.781 | PDLC00488,JetB1_00021, 1, 1.1e-15, 0.831, 0.681 | PDLC00485,JetB1_00018, 1, 5.6e-60, 0.847, 0.84 | PDLC00477,JetB1_00010, 1, 5.8e-16, 0.729, 0.926 | PDLC00494,JetB1_00027, 1, 4.9e-06, 0.856, 0.597 | PDLC00496,JetB1_00029, 1, 4.1e-30, 0.89, 0.676 | PDLC00472,JetB1_00005, 1, 4.9e-37, 0.873, 0.87 | PDLC00468,JetB1_00001, 1, 4e-18, 0.657, 0.823 | PDLC00492,JetB1_00025, 1, 3.9e-06, 0.894, 0.725 | PDLC00473,JetB1_00006, 1, 9.4e-32, 0.801, 0.817 | PDLC00490,JetB1_00023, 1, 6e-09, 0.805, 0.823 | PDLC00476,JetB1_00009, 1, 4.8e-23, 0.814, 0.687 | PDLC00493,JetB1_00026, 1, 5.3e-05, 0.788, 0.667 | PDLC00499,JetB1_00032, 1, 5.9e-28, 0.784, 0.722 | PDLC00501,JetB1_00034, 1, 3.1e-110, 0.992, 0.957 | PDLC00487,JetB1_00020, 1, 2.3e-27, 0.729, 0.892 | PDLC00474,JetB1_00007, 1, 1.9e-23, 0.716, 0.845 | PDLC00481,JetB1_00014, 1, 9.1e-75, 0.852, 0.922 | PDLC00497,JetB1_00030, 1, 1e-31, 0.924, 0.861 | PDLC00495,JetB1_00028, 1, 3.9e-23, 0.881, 0.643 | PDLC00491,JetB1_00024, 1, 7.3e-07, 0.805, 0.71","PDLC00501, JetB1_00034, 3.1e-110, 0.992, 0.957 | PDLC00481, JetB1_00014, 9.1e-75, 0.852, 0.922 | PDLC00485, JetB1_00018, 5.6e-60, 0.847, 0.84 | PDLC00472, JetB1_00005, 4.9e-37, 0.873, 0.87 | PDLC00473, JetB1_00006, 9.4e-32, 0.801, 0.817"
16,JAYIWO010000042.1,wadjet_other,JAYIWO010000042.1_12,PDLC00460,JetA1_00019,JetA,2.599999999999999e-193,2.899999999999999e-193,0.994,0.996,17722,19191,-,-,12,40,"PDLC00464,JetA1_00023, 1, 7.8e-52, 0.971, 0.965 | PDLC00457,JetA1_00016, 1, 6.1e-91, 0.959, 0.977 | PDLC00452,JetA1_00011, 1, 7.7e-40, 0.961, 0.954 | PDLC00459,JetA1_00018, 1, 7.1e-25, 0.963, 0.947 | PDLC00460,JetA1_00019, 1, 2.9e-193, 0.994, 0.996 | PDLC00463,JetA1_00022, 1, 3.1e-20, 0.804, 0.711 | PDLC00455,JetA1_00014, 1, 2.2e-30, 0.886, 0.893 | PDLC00461,JetA1_00020, 1, 2.3e-61, 0.973, 0.965 | PDLC00465,JetA1_00024, 1, 3.1e-36, 0.947, 0.914 | PDLC00444,JetA1_00003, 1, 3.5e-47, 0.894, 0.916 | PDLC00447,JetA1_00006, 1, 4.6e-60, 0.978, 0.979","PDLC00460, JetA1_00019, 2.9e-193, 0.994, 0.996 | PDLC00457, JetA1_00016, 6.1e-91, 0.959, 0.977 | PDLC00461, JetA1_00020, 2.3e-61, 0.973, 0.965 | PDLC00447, JetA1_00006, 4.6e-60, 0.978, 0.979 | PDLC00464, JetA1_00023, 7.8e-52, 0.971, 0.965"
17,JAYIWO010000065.1,HEC-09,JAYIWO010000065.1_9,PDLC04163,HEC-09_WP_196893758.1,HEC-09,3.4e-28,3.9000000000000004e-27,0.962,0.97,5975,6676,-,-,9,23,"PDLC04163,HEC-09_WP_196893758.1, 1, 3.9e-27, 0.962, 0.97","PDLC04163, HEC-09_WP_196893758.1, 3.9e-27, 0.962, 0.97"
18,JAYIWO010000068.1,RM_type_III,JAYIWO010000068.1_7,PDLC03648,REase_III_00002,REase_III,1.3999999999999994e-285,1.0999999999999994e-283,0.9,0.986,11054,13816,-,-,7,8,"PDLC03647,REase_III_00001, 1, 0.47, 0.135, 0.11 | PDLC03647,REase_III_00001, 2, 7.4e-11, 0.077, 0.075 | PDLC03647,REase_III_00001, 3, 21, 0.094, 0.092 | PDLC03648,REase_III_00002, 1, 1.1e-283, 0.9, 0.986 | PDLC03650,REase_III_00004, 1, 1.1e-08, 0.248, 0.226 | PDLC03653,REase_III_00007, 1, 43, 0.055, 0.06 | PDLC03653,REase_III_00007, 2, 0.00012, 0.261, 0.258 | PDLC03653,REase_III_00007, 3, 66, 0.025, 0.026 | PDLC03651,REase_III_00005, 1, 0.025, 0.069, 0.072 | PDLC03651,REase_III_00005, 2, 100, 0.02, 0.021 | PDLC03651,REase_III_00005, 3, 0.021, 0.03, 0.032 | PDLC03649,REase_III_00003, 1, 67, 0.067, 0.059 | PDLC03649,REase_III_00003, 2, 3e-06, 0.05, 0.047 | PDLC03649,REase_III_00003, 3, 97, 0.034, 0.037","PDLC03648, REase_III_00002, 1.1e-283, 0.9, 0.986 | PDLC03647, REase_III_00001, 7.4e-11, 0.077, 0.075 | PDLC03650, REase_III_00004, 1.1e-08, 0.248, 0.226 | PDLC03649, REase_III_00003, 3e-06, 0.05, 0.047 | PDLC03653, REase_III_00007, 0.00012, 0.261, 0.258"
18,JAYIWO010000068.1,RM_type_III,JAYIWO010000068.1_8,PDLC03636,MTase_III_00005,MTase_III,2.799999999999999e-165,3.699999999999999e-165,0.89,0.873,13813,15498,-,-,8,8,"PDLC03640,MTase_III_00009, 1, 2.3e-06, 0.057, 0.049 | PDLC03640,MTase_III_00009, 2, 1.6e-11, 0.105, 0.09 | PDLC03640,MTase_III_00009, 3, 3.5e-09, 0.132, 0.121 | PDLC03634,MTase_III_00003, 1, 1.1e-09, 0.055, 0.055 | PDLC03634,MTase_III_00003, 2, 1.1e-35, 0.548, 0.457 | PDLC03638,MTase_III_00007, 1, 2e-26, 0.221, 0.151 | PDLC03638,MTase_III_00007, 2, 7.1e-25, 0.199, 0.141 | PDLC03646,MTase_III_00015, 1, 7.5e-20, 0.623, 0.339 | PDLC03639,MTase_III_00008, 1, 7.8e-13, 0.18, 0.171 | PDLC03639,MTase_III_00008, 2, 0.00018, 0.059, 0.052 | PDLC03633,MTase_III_00002, 1, 8.4e-05, 0.053, 0.049 | PDLC03633,MTase_III_00002, 2, 6.5e-07, 0.098, 0.089 | PDLC03633,MTase_III_00002, 3, 4.9e-11, 0.093, 0.084 | PDLC03632,MTase_III_00001, 1, 0.95, 0.034, 0.019 | PDLC03632,MTase_III_00001, 2, 1.2e-12, 0.187, 0.101 | PDLC03632,MTase_III_00001, 3, 3e-11, 0.126, 0.07 | PDLC03636,MTase_III_00005, 1, 3.7e-165, 0.89, 0.873 | PDLC03644,MTase_III_00013, 1, 2.1e-39, 0.263, 0.299 | PDLC03644,MTase_III_00013, 2, 1e-29, 0.181, 0.192 | PDLC03637,MTase_III_00006, 1, 7.2e-17, 0.214, 0.259 | PDLC03637,MTase_III_00006, 2, 1.6, 0.068, 0.074 | PDLC03637,MTase_III_00006, 3, 0.025, 0.085, 0.105 | PDLC03645,MTase_III_00014, 1, 1.4e-11, 0.228, 0.19 | PDLC03645,MTase_III_00014, 2, 20, 0.043, 0.034 | PDLC03635,MTase_III_00004, 1, 1.4e-77, 0.673, 0.528 | PDLC03642,MTase_III_00011, 1, 2.8e-22, 0.249, 0.273 | PDLC03642,MTase_III_00011, 2, 4, 0.036, 0.038 | PDLC03641,MTase_III_00010, 1, 1.4e-05, 0.057, 0.049 | PDLC03641,MTase_III_00010, 2, 1.9e-29, 0.512, 0.379 | PDLC03643,MTase_III_00012, 1, 7.5e-08, 0.137, 0.161 | PDLC03643,MTase_III_00012, 2, 87, 0.055, 0.067","PDLC03636, MTase_III_00005, 3.7e-165, 0.89, 0.873 | PDLC03635, MTase_III_00004, 1.4e-77, 0.673, 0.528 | PDLC03644, MTase_III_00013, 2.1e-39, 0.263, 0.299 | PDLC03634, MTase_III_00003, 1.1e-35, 0.548, 0.457 | PDLC03641, MTase_III_00010, 1.9e-29, 0.512, 0.379"
19,JAYIWO010000074.1,GAO_19,JAYIWO010000074.1_7,PDLC02186,SIR2_00001,SIR2,9.699999999999998e-187,1.1999999999999998e-186,0.986,0.988,6357,7664,+,-,7,9,"PDLC04091,PD-T7-2_A_WP_200009895.1, 1, 710, 0.046, 0.058 | PDLC04091,PD-T7-2_A_WP_200009895.1, 2, 3.4e-06, 0.165, 0.217 | PDLC04091,PD-T7-2_A_WP_200009895.1, 3, 6.7, 0.037, 0.046 | PDLC04089,PD-T7-2_A_WP_187753972.1, 1, 1e-10, 0.381, 0.467 | PDLC04080,PD-T7-2_A_WP_075189553.1, 1, 35, 0.057, 0.072 | PDLC04080,PD-T7-2_A_WP_075189553.1, 2, 4.2e-21, 0.378, 0.496 | PDLC04079,PD-T7-2_A_WP_073185249.1, 1, 0.75, 0.067, 0.067 | PDLC04079,PD-T7-2_A_WP_073185249.1, 2, 1.2e-31, 0.404, 0.412 | PDLC04083,PD-T7-2_A_WP_092273639.1, 1, 6.6, 0.087, 0.097 | PDLC04083,PD-T7-2_A_WP_092273639.1, 2, 4.3e-12, 0.378, 0.445 | PDLC04087,PD-T7-2_A_WP_153741654.1, 1, 3.4, 0.053, 0.067 | PDLC04087,PD-T7-2_A_WP_153741654.1, 2, 8.1e-17, 0.376, 0.431 | PDLC04090,PD-T7-2_A_WP_198578662.1, 1, 18, 0.073, 0.089 | PDLC04090,PD-T7-2_A_WP_198578662.1, 2, 5.6e-37, 0.5, 0.472 | PDLC04086,PD-T7-2_A_WP_146130070.1, 1, 4.2e-07, 0.399, 0.471 | PDLC04096,PD-T7-2_A_WP_232103391.1, 1, 1.8e-08, 0.351, 0.591 | PDLC04088,PD-T7-2_A_WP_176695388.1, 1, 71, 0.067, 0.074 | PDLC04088,PD-T7-2_A_WP_176695388.1, 2, 3.3e-14, 0.385, 0.387 | PDLC04085,PD-T7-2_A_WP_138143905.1, 1, 4.1e-37, 0.798, 0.752 | PDLC04075,PD-T7-2_A_WP_039085641.1, 1, 39, 0.071, 0.092 | PDLC04075,PD-T7-2_A_WP_039085641.1, 2, 1.2e-23, 0.443, 0.442 | PDLC04074,PD-T7-2_A_WP_024466888.1, 1, 1.1e-09, 0.349, 0.395 | PDLC04076,PD-T7-2_A_WP_048861093.1, 1, 2.9e-185, 0.986, 0.99 | PDLC04078,PD-T7-2_A_WP_055245702.1, 1, 0.00087, 0.218, 0.503 | PDLC04082,PD-T7-2_A_WP_082815471.1, 1, 59, 0.069, 0.084 | PDLC04082,PD-T7-2_A_WP_082815471.1, 2, 2.3e-14, 0.356, 0.417 | PDLC04094,PD-T7-2_A_WP_219250417.1, 1, 21, 0.032, 0.035 | PDLC04094,PD-T7-2_A_WP_219250417.1, 2, 1.9e-19, 0.378, 0.356 | PDLC04095,PD-T7-2_A_WP_228287722.1, 1, 0.00015, 0.397, 0.673 | PDLC04093,PD-T7-2_A_WP_212447869.1, 1, 0.6, 0.064, 0.066 | PDLC04093,PD-T7-2_A_WP_212447869.1, 2, 1.3e-22, 0.456, 0.463 | PDLC04084,PD-T7-2_A_WP_104725143.1, 1, 0.076, 0.096, 0.099 | PDLC04084,PD-T7-2_A_WP_104725143.1, 2, 2.9e-45, 0.523, 0.514 | PDLC02186,SIR2_00001, 1, 1.2e-186, 0.986, 0.988 | PDLC04092,PD-T7-2_A_WP_211597541.1, 1, 3.9e-06, 0.36, 0.409 | PDLC04081,PD-T7-2_A_WP_082717311.1, 1, 0.083, 0.062, 0.078 | PDLC04081,PD-T7-2_A_WP_082717311.1, 2, 6.3e-27, 0.42, 0.49","PDLC02186, SIR2_00001, 1.2e-186, 0.986, 0.988 | PDLC04076, PD-T7-2_A_WP_048861093.1, 2.9e-185, 0.986, 0.99 | PDLC04084, PD-T7-2_A_WP_104725143.1, 2.9e-45, 0.523, 0.514 | PDLC04085, PD-T7-2_A_WP_138143905.1, 4.1e-37, 0.798, 0.752 | PDLC04090, PD-T7-2_A_WP_198578662.1, 5.6e-37, 0.5, 0.472"
19,JAYIWO010000074.1,GAO_19,JAYIWO010000074.1_8,PDLC04100,PD-T7-2_B_WP_088195867.1,HerA,6.3999999999999964e-288,7.699999999999995e-288,0.981,0.993,7661,9430,+,-,8,9,"PDLC04104,PD-T7-2_B_WP_200868270.1, 1, 1.2e-24, 0.324, 0.509 | PDLC04100,PD-T7-2_B_WP_088195867.1, 1, 7.7e-288, 0.981, 0.993 | PDLC04098,PD-T7-2_B_WP_015285889.1, 1, 1.3e-17, 0.312, 0.286 | PDLC04098,PD-T7-2_B_WP_015285889.1, 2, 6e-28, 0.403, 0.348 | PDLC04097,PD-T7-2_B_WP_009660643.1, 1, 2.9e-09, 0.344, 0.333 | PDLC04097,PD-T7-2_B_WP_009660643.1, 2, 1.1e-18, 0.231, 0.227 | PDLC04099,PD-T7-2_B_WP_080459181.1, 1, 6.7e-14, 0.193, 0.561 | PDLC02188,HerA_00002, 1, 3e-09, 0.186, 0.201 | PDLC02188,HerA_00002, 2, 8.1e-23, 0.231, 0.235 | PDLC04101,PD-T7-2_B_WP_091835808.1, 1, 1.2e-14, 0.224, 0.34 | PDLC01055,shah_acc_0057, 1, 5.2e-08, 0.285, 0.306 | PDLC01055,shah_acc_0057, 2, 1.7e-08, 0.139, 0.148 | PDLC04103,PD-T7-2_B_WP_171016958.1, 1, 1.3e-17, 0.473, 0.472 | PDLC04103,PD-T7-2_B_WP_171016958.1, 2, 1.1e-18, 0.244, 0.25 | PDLC04102,PD-T7-2_B_WP_161832976.1, 1, 2e-28, 0.449, 0.431 | PDLC04102,PD-T7-2_B_WP_161832976.1, 2, 2.5e-40, 0.29, 0.261 | PDLC04106,PD-T7-2_B_WP_223159018.1, 1, 1.9e-14, 0.18, 0.162 | PDLC04106,PD-T7-2_B_WP_223159018.1, 2, 9.8e-37, 0.305, 0.277 | PDLC02185,HerA_00001, 1, 5.6e-271, 0.976, 0.991 | PDLC04107,PD-T7-2_B_WP_230199856.1, 1, 5.7e-12, 0.203, 0.412 | PDLC04105,PD-T7-2_B_WP_212464868.1, 1, 3.7e-26, 0.431, 0.438 | PDLC04105,PD-T7-2_B_WP_212464868.1, 2, 2.3e-36, 0.325, 0.339","PDLC04100, PD-T7-2_B_WP_088195867.1, 7.7e-288, 0.981, 0.993 | PDLC02185, HerA_00001, 5.6e-271, 0.976, 0.991 | PDLC04102, PD-T7-2_B_WP_161832976.1, 2.5e-40, 0.29, 0.261 | PDLC04106, PD-T7-2_B_WP_223159018.1, 9.8e-37, 0.305, 0.277 | PDLC04105, PD-T7-2_B_WP_212464868.1, 2.3e-36, 0.325, 0.339"
20,JAYIWO010000091.1,Mokosh_TypeII,JAYIWO010000091.1_1,PDLC03924,Mokosh_TypeII__MkoC,MkoC,1.2e-40,1.7999999999999998e-40,0.863,0.375,1,1428,+,-,1,2,"PDLC03924,Mokosh_TypeII__MkoC, 1, 1.8e-40, 0.863, 0.375","PDLC03924, Mokosh_TypeII__MkoC, 1.8e-40, 0.863, 0.375"
